Workbook

Sheet Instructions
B2: NexVigilant Effects Table Template
B3: with Forest Plot Visualization | Part of the Benefit-Risk Intelligence Toolkit | Based on CIOMS WG XII (2025)
B5: ◎ WHAT IS AN EFFECTS TABLE?
B6: An Effects Table is a structured summary that displays the magnitude of key benefits and key risks in a standardized format. Per CIOMS WG XII, the Effects Table: • Presents quantitative outcomes for both product and comparator • Shows effect sizes with confidence intervals for statistical interpretation • Indicates which treatment each outcome favors • Supports forest plot visualization for at-a-glance interpretation • Enables systematic comparison across multiple benefit-risk criteria The Effects Table is the quantitative backbone of the BRAD Section 7.2 and serves as input for MCDA when quantitative analysis is warranted.
B8: ◎ HOW TO USE THIS WORKBOOK
B9: STEP 1: Configure Settings (Sheet: "1. Settings") Set the effect measure type (Risk Ratio, Odds Ratio, Hazard Ratio, or Risk Difference) and define the null value. This determines how the forest plot displays effects. STEP 2: Enter Benefit Data (Sheet: "2. Benefits Data") For each key benefit, enter: • Outcome name and description • Product result (event rate, response rate, or mean value) • Comparator result • Effect size and 95% confidence interval • Importance weight (optional, for MCDA) STEP 3: Enter Risk Data (Sheet: "3. Risks Data") For each key risk, enter the same data structure. Risk effects will be displayed with reversed interpretation (lower = better for product). STEP 4: View Forest Plot Data (Sheet: "4. Forest Plot") The forest plot visualization sheet automatically calculates plotting coordinates. Use Excel's built-in chart tools to create the visual, or copy data to a dedicated forest plot generator. STEP 5: Review Summary (Sheet: "5. Summary Table") The summary consolidates benefits and risks into a single Effects Table formatted for BRAD Section 7.2.
B11: ◎ CREATING THE FOREST PLOT IN EXCEL
B12: TO CREATE A FOREST PLOT FROM THIS DATA: 1. Go to Sheet "4. Forest Plot" - data is pre-formatted for charting 2. Select the data range including outcome names, point estimates, and CI bounds 3. Insert → Chart → Scatter Chart (with only markers) 4. Add error bars: • Format Data Series → Error Bars → Custom • Negative Error: Select "CI Lower Offset" column • Positive Error: Select "CI Upper Offset" column 5. Add a vertical reference line at the null value (1.0 for ratios, 0 for differences) 6. Format: • Benefits in teal/green, Risks in gold/red • Add outcome labels on Y-axis • Title: "Forest Plot: [Product Name] vs [Comparator]" ALTERNATIVE: Copy the Forest Plot data to dedicated software (RevMan, R forestplot package, or online forest plot generators) for publication-quality visuals.
B14: Template developed by NexVigilant LLC | www.nexvigilant.com | © 2025

Sheet 1. Settings
B2: EFFECTS TABLE SETTINGS
B4: Product Information
B5: Product Name: | C5: Enter product INN
B6: Comparator: | C6: Enter comparator name
B7: Indication: | C7: Enter indication
B8: Data Source: | C8: e.g., Pivotal Phase 3, Pooled Analysis
B9: Assessment Date: | C9: DD-MMM-YYYY
B11: Effect Measure Configuration
B12: Primary Effect Measure: | C12: Risk Ratio
B13: Null Value: | C13: 1 | D13: ← Use 1.0 for ratios, 0 for differences
B14: Favors Product When: | C14: Effect > Null (for benefits)
B16: Display Settings
B17: Decimal Places: | C17: 2
B18: Show P-values: | C18: Yes
B20: ◎ GUIDANCE: The null value determines the reference line position in the forest plot. For relative measures (RR, OR, HR), use 1.0. For absolute measures (RD, MD, SMD), use 0.

Sheet 2. Benefits Data
B2: KEY BENEFITS - EFFECTS DATA
B3: Enter quantitative data for each key benefit. Effect sizes should be calculated such that values favoring the product are > null value (e.g., RR > 1 for response rates).
B5: # | C5: Outcome | D5: Description/Endpoint | E5: Product (n/N or %) | F5: Comparator (n/N or %) | G5: Effect Size | H5: 95% CI Lower | I5: 95% CI Upper | J5: P-value | K5: Favors | L5: Weight
B6: 1 | C6: Overall Response Rate | D6: ORR per RECIST 1.1 | E6: 45/100 (45%) | F6: 30/100 (30%) | G6: 1.5 | H6: 1.15 | I6: 1.95 | J6: 0.003 | K6: Product | L6: 1
B7: 2
B8: 3
B9: 4
B10: 5
B11: 6
B12: 7
B13: 8
B14: 9
B15: 10

Sheet 3. Risks Data
B2: KEY RISKS - EFFECTS DATA
B3: Enter quantitative data for each key risk. For risks, values favoring the product are typically < null value (e.g., RR < 1 means lower risk with product).
B5: # | C5: Risk/AE | D5: Description | E5: Product (n/N or %) | F5: Comparator (n/N or %) | G5: Effect Size | H5: 95% CI Lower | I5: 95% CI Upper | J5: P-value | K5: Favors | L5: Weight
B6: 1 | C6: Grade 3+ Neutropenia | D6: CTCAE Grade ≥3 | E6: 25/100 (25%) | F6: 15/100 (15%) | G6: 1.67 | H6: 1.1 | I6: 2.52 | J6: 0.015 | K6: Comparator | L6: 0.8
B7: 2
B8: 3
B9: 4
B10: 5
B11: 6
B12: 7
B13: 8
B14: 9
B15: 10

Sheet 4. Forest Plot
B2: FOREST PLOT DATA
B3: This sheet formats data for forest plot visualization. Use these columns to create a scatter chart with error bars in Excel or export to dedicated forest plot software.
B5: # | C5: Type | D5: Outcome | E5: Effect Size | F5: CI Lower | G5: CI Upper | H5: CI Lower Offset | I5: CI Upper Offset | J5: Plot Y | K5: Effect Size (95% CI)
B6: -- | C6: REF | D6: Null Reference Line | E6: ='1. Settings'!C13 -> 1 | F6: ='1. Settings'!C13 -> 1 | G6: ='1. Settings'!C13 -> 1 | H6: 0 | I6: 0 | J6: 0 | K6: ="Null = " & TEXT('1. Settings'!C13, "0.00") -> Null = 1.00
B7: BENEFITS
B8: 1 | C8: BEN | D8: =IF('2. Benefits Data'!C6<>"", '2. Benefits Data'!C6, "") -> Overall Response Rate | E8: =IF('2. Benefits Data'!G6<>"", '2. Benefits Data'!G6, "") -> 1.5 | F8: =IF('2. Benefits Data'!H6<>"", '2. Benefits Data'!H6, "") -> 1.15 | G8: =IF('2. Benefits Data'!I6<>"", '2. Benefits Data'!I6, "") -> 1.95 | H8: =IF(E8<>"", E8-F8, "") -> 0.35 | I8: =IF(E8<>"", G8-E8, "") -> 0.45 | J8: =IF(E8<>"", 20, "") -> 20 | K8: =IF(E8<>"", TEXT(E8,"0.00") & " (" & TEXT(F8,"0.00") & "-" & TEXT(G8,"0.00") & ")", "") -> 1.50 (1.15-1.95)
B9: 2 | C9: BEN | D9: =IF('2. Benefits Data'!C7<>"", '2. Benefits Data'!C7, "") | E9: =IF('2. Benefits Data'!G7<>"", '2. Benefits Data'!G7, "") | F9: =IF('2. Benefits Data'!H7<>"", '2. Benefits Data'!H7, "") | G9: =IF('2. Benefits Data'!I7<>"", '2. Benefits Data'!I7, "") | H9: =IF(E9<>"", E9-F9, "") | I9: =IF(E9<>"", G9-E9, "") | J9: =IF(E9<>"", 19, "") | K9: =IF(E9<>"", TEXT(E9,"0.00") & " (" & TEXT(F9,"0.00") & "-" & TEXT(G9,"0.00") & ")", "")
B10: 3 | C10: BEN | D10: =IF('2. Benefits Data'!C8<>"", '2. Benefits Data'!C8, "") | E10: =IF('2. Benefits Data'!G8<>"", '2. Benefits Data'!G8, "") | F10: =IF('2. Benefits Data'!H8<>"", '2. Benefits Data'!H8, "") | G10: =IF('2. Benefits Data'!I8<>"", '2. Benefits Data'!I8, "") | H10: =IF(E10<>"", E10-F10, "") | I10: =IF(E10<>"", G10-E10, "") | J10: =IF(E10<>"", 18, "") | K10: =IF(E10<>"", TEXT(E10,"0.00") & " (" & TEXT(F10,"0.00") & "-" & TEXT(G10,"0.00") & ")", "")
B11: 4 | C11: BEN | D11: =IF('2. Benefits Data'!C9<>"", '2. Benefits Data'!C9, "") | E11: =IF('2. Benefits Data'!G9<>"", '2. Benefits Data'!G9, "") | F11: =IF('2. Benefits Data'!H9<>"", '2. Benefits Data'!H9, "") | G11: =IF('2. Benefits Data'!I9<>"", '2. Benefits Data'!I9, "") | H11: =IF(E11<>"", E11-F11, "") | I11: =IF(E11<>"", G11-E11, "") | J11: =IF(E11<>"", 17, "") | K11: =IF(E11<>"", TEXT(E11,"0.00") & " (" & TEXT(F11,"0.00") & "-" & TEXT(G11,"0.00") & ")", "")
B12: 5 | C12: BEN | D12: =IF('2. Benefits Data'!C10<>"", '2. Benefits Data'!C10, "") | E12: =IF('2. Benefits Data'!G10<>"", '2. Benefits Data'!G10, "") | F12: =IF('2. Benefits Data'!H10<>"", '2. Benefits Data'!H10, "") | G12: =IF('2. Benefits Data'!I10<>"", '2. Benefits Data'!I10, "") | H12: =IF(E12<>"", E12-F12, "") | I12: =IF(E12<>"", G12-E12, "") | J12: =IF(E12<>"", 16, "") | K12: =IF(E12<>"", TEXT(E12,"0.00") & " (" & TEXT(F12,"0.00") & "-" & TEXT(G12,"0.00") & ")", "")
B13: 6 | C13: BEN | D13: =IF('2. Benefits Data'!C11<>"", '2. Benefits Data'!C11, "") | E13: =IF('2. Benefits Data'!G11<>"", '2. Benefits Data'!G11, "") | F13: =IF('2. Benefits Data'!H11<>"", '2. Benefits Data'!H11, "") | G13: =IF('2. Benefits Data'!I11<>"", '2. Benefits Data'!I11, "") | H13: =IF(E13<>"", E13-F13, "") | I13: =IF(E13<>"", G13-E13, "") | J13: =IF(E13<>"", 15, "") | K13: =IF(E13<>"", TEXT(E13,"0.00") & " (" & TEXT(F13,"0.00") & "-" & TEXT(G13,"0.00") & ")", "")
B14: 7 | C14: BEN | D14: =IF('2. Benefits Data'!C12<>"", '2. Benefits Data'!C12, "") | E14: =IF('2. Benefits Data'!G12<>"", '2. Benefits Data'!G12, "") | F14: =IF('2. Benefits Data'!H12<>"", '2. Benefits Data'!H12, "") | G14: =IF('2. Benefits Data'!I12<>"", '2. Benefits Data'!I12, "") | H14: =IF(E14<>"", E14-F14, "") | I14: =IF(E14<>"", G14-E14, "") | J14: =IF(E14<>"", 14, "") | K14: =IF(E14<>"", TEXT(E14,"0.00") & " (" & TEXT(F14,"0.00") & "-" & TEXT(G14,"0.00") & ")", "")
B15: 8 | C15: BEN | D15: =IF('2. Benefits Data'!C13<>"", '2. Benefits Data'!C13, "") | E15: =IF('2. Benefits Data'!G13<>"", '2. Benefits Data'!G13, "") | F15: =IF('2. Benefits Data'!H13<>"", '2. Benefits Data'!H13, "") | G15: =IF('2. Benefits Data'!I13<>"", '2. Benefits Data'!I13, "") | H15: =IF(E15<>"", E15-F15, "") | I15: =IF(E15<>"", G15-E15, "") | J15: =IF(E15<>"", 13, "") | K15: =IF(E15<>"", TEXT(E15,"0.00") & " (" & TEXT(F15,"0.00") & "-" & TEXT(G15,"0.00") & ")", "")
B16: 9 | C16: BEN | D16: =IF('2. Benefits Data'!C14<>"", '2. Benefits Data'!C14, "") | E16: =IF('2. Benefits Data'!G14<>"", '2. Benefits Data'!G14, "") | F16: =IF('2. Benefits Data'!H14<>"", '2. Benefits Data'!H14, "") | G16: =IF('2. Benefits Data'!I14<>"", '2. Benefits Data'!I14, "") | H16: =IF(E16<>"", E16-F16, "") | I16: =IF(E16<>"", G16-E16, "") | J16: =IF(E16<>"", 12, "") | K16: =IF(E16<>"", TEXT(E16,"0.00") & " (" & TEXT(F16,"0.00") & "-" & TEXT(G16,"0.00") & ")", "")
B17: 10 | C17: BEN | D17: =IF('2. Benefits Data'!C15<>"", '2. Benefits Data'!C15, "") | E17: =IF('2. Benefits Data'!G15<>"", '2. Benefits Data'!G15, "") | F17: =IF('2. Benefits Data'!H15<>"", '2. Benefits Data'!H15, "") | G17: =IF('2. Benefits Data'!I15<>"", '2. Benefits Data'!I15, "") | H17: =IF(E17<>"", E17-F17, "") | I17: =IF(E17<>"", G17-E17, "") | J17: =IF(E17<>"", 11, "") | K17: =IF(E17<>"", TEXT(E17,"0.00") & " (" & TEXT(F17,"0.00") & "-" & TEXT(G17,"0.00") & ")", "")
B18: RISKS
B19: 1 | C19: RSK | D19: =IF('3. Risks Data'!C6<>"", '3. Risks Data'!C6, "") -> Grade 3+ Neutropenia | E19: =IF('3. Risks Data'!G6<>"", '3. Risks Data'!G6, "") -> 1.67 | F19: =IF('3. Risks Data'!H6<>"", '3. Risks Data'!H6, "") -> 1.1 | G19: =IF('3. Risks Data'!I6<>"", '3. Risks Data'!I6, "") -> 2.52 | H19: =IF(E19<>"", E19-F19, "") -> 0.57 | I19: =IF(E19<>"", G19-E19, "") -> 0.85 | J19: =IF(E19<>"", 9, "") -> 9 | K19: =IF(E19<>"", TEXT(E19,"0.00") & " (" & TEXT(F19,"0.00") & "-" & TEXT(G19,"0.00") & ")", "") -> 1.67 (1.10-2.52)
B20: 2 | C20: RSK | D20: =IF('3. Risks Data'!C7<>"", '3. Risks Data'!C7, "") | E20: =IF('3. Risks Data'!G7<>"", '3. Risks Data'!G7, "") | F20: =IF('3. Risks Data'!H7<>"", '3. Risks Data'!H7, "") | G20: =IF('3. Risks Data'!I7<>"", '3. Risks Data'!I7, "") | H20: =IF(E20<>"", E20-F20, "") | I20: =IF(E20<>"", G20-E20, "") | J20: =IF(E20<>"", 8, "") | K20: =IF(E20<>"", TEXT(E20,"0.00") & " (" & TEXT(F20,"0.00") & "-" & TEXT(G20,"0.00") & ")", "")
B21: 3 | C21: RSK | D21: =IF('3. Risks Data'!C8<>"", '3. Risks Data'!C8, "") | E21: =IF('3. Risks Data'!G8<>"", '3. Risks Data'!G8, "") | F21: =IF('3. Risks Data'!H8<>"", '3. Risks Data'!H8, "") | G21: =IF('3. Risks Data'!I8<>"", '3. Risks Data'!I8, "") | H21: =IF(E21<>"", E21-F21, "") | I21: =IF(E21<>"", G21-E21, "") | J21: =IF(E21<>"", 7, "") | K21: =IF(E21<>"", TEXT(E21,"0.00") & " (" & TEXT(F21,"0.00") & "-" & TEXT(G21,"0.00") & ")", "")
B22: 4 | C22: RSK | D22: =IF('3. Risks Data'!C9<>"", '3. Risks Data'!C9, "") | E22: =IF('3. Risks Data'!G9<>"", '3. Risks Data'!G9, "") | F22: =IF('3. Risks Data'!H9<>"", '3. Risks Data'!H9, "") | G22: =IF('3. Risks Data'!I9<>"", '3. Risks Data'!I9, "") | H22: =IF(E22<>"", E22-F22, "") | I22: =IF(E22<>"", G22-E22, "") | J22: =IF(E22<>"", 6, "") | K22: =IF(E22<>"", TEXT(E22,"0.00") & " (" & TEXT(F22,"0.00") & "-" & TEXT(G22,"0.00") & ")", "")
B23: 5 | C23: RSK | D23: =IF('3. Risks Data'!C10<>"", '3. Risks Data'!C10, "") | E23: =IF('3. Risks Data'!G10<>"", '3. Risks Data'!G10, "") | F23: =IF('3. Risks Data'!H10<>"", '3. Risks Data'!H10, "") | G23: =IF('3. Risks Data'!I10<>"", '3. Risks Data'!I10, "") | H23: =IF(E23<>"", E23-F23, "") | I23: =IF(E23<>"", G23-E23, "") | J23: =IF(E23<>"", 5, "") | K23: =IF(E23<>"", TEXT(E23,"0.00") & " (" & TEXT(F23,"0.00") & "-" & TEXT(G23,"0.00") & ")", "")
B24: 6 | C24: RSK | D24: =IF('3. Risks Data'!C11<>"", '3. Risks Data'!C11, "") | E24: =IF('3. Risks Data'!G11<>"", '3. Risks Data'!G11, "") | F24: =IF('3. Risks Data'!H11<>"", '3. Risks Data'!H11, "") | G24: =IF('3. Risks Data'!I11<>"", '3. Risks Data'!I11, "") | H24: =IF(E24<>"", E24-F24, "") | I24: =IF(E24<>"", G24-E24, "") | J24: =IF(E24<>"", 4, "") | K24: =IF(E24<>"", TEXT(E24,"0.00") & " (" & TEXT(F24,"0.00") & "-" & TEXT(G24,"0.00") & ")", "")
B25: 7 | C25: RSK | D25: =IF('3. Risks Data'!C12<>"", '3. Risks Data'!C12, "") | E25: =IF('3. Risks Data'!G12<>"", '3. Risks Data'!G12, "") | F25: =IF('3. Risks Data'!H12<>"", '3. Risks Data'!H12, "") | G25: =IF('3. Risks Data'!I12<>"", '3. Risks Data'!I12, "") | H25: =IF(E25<>"", E25-F25, "") | I25: =IF(E25<>"", G25-E25, "") | J25: =IF(E25<>"", 3, "") | K25: =IF(E25<>"", TEXT(E25,"0.00") & " (" & TEXT(F25,"0.00") & "-" & TEXT(G25,"0.00") & ")", "")
B26: 8 | C26: RSK | D26: =IF('3. Risks Data'!C13<>"", '3. Risks Data'!C13, "") | E26: =IF('3. Risks Data'!G13<>"", '3. Risks Data'!G13, "") | F26: =IF('3. Risks Data'!H13<>"", '3. Risks Data'!H13, "") | G26: =IF('3. Risks Data'!I13<>"", '3. Risks Data'!I13, "") | H26: =IF(E26<>"", E26-F26, "") | I26: =IF(E26<>"", G26-E26, "") | J26: =IF(E26<>"", 2, "") | K26: =IF(E26<>"", TEXT(E26,"0.00") & " (" & TEXT(F26,"0.00") & "-" & TEXT(G26,"0.00") & ")", "")
B27: 9 | C27: RSK | D27: =IF('3. Risks Data'!C14<>"", '3. Risks Data'!C14, "") | E27: =IF('3. Risks Data'!G14<>"", '3. Risks Data'!G14, "") | F27: =IF('3. Risks Data'!H14<>"", '3. Risks Data'!H14, "") | G27: =IF('3. Risks Data'!I14<>"", '3. Risks Data'!I14, "") | H27: =IF(E27<>"", E27-F27, "") | I27: =IF(E27<>"", G27-E27, "") | J27: =IF(E27<>"", 1, "") | K27: =IF(E27<>"", TEXT(E27,"0.00") & " (" & TEXT(F27,"0.00") & "-" & TEXT(G27,"0.00") & ")", "")
B28: 10 | C28: RSK | D28: =IF('3. Risks Data'!C15<>"", '3. Risks Data'!C15, "") | E28: =IF('3. Risks Data'!G15<>"", '3. Risks Data'!G15, "") | F28: =IF('3. Risks Data'!H15<>"", '3. Risks Data'!H15, "") | G28: =IF('3. Risks Data'!I15<>"", '3. Risks Data'!I15, "") | H28: =IF(E28<>"", E28-F28, "") | I28: =IF(E28<>"", G28-E28, "") | J28: =IF(E28<>"", 0, "") | K28: =IF(E28<>"", TEXT(E28,"0.00") & " (" & TEXT(F28,"0.00") & "-" & TEXT(G28,"0.00") & ")", "")

Sheet 5. Summary Table
B2: EFFECTS TABLE SUMMARY
B3: =IF('1. Settings'!C5<>"Enter product INN", '1. Settings'!C5 & " vs " & '1. Settings'!C6 & " | " & '1. Settings'!C7, "[Configure Settings]") -> [Configure Settings]
B5: Type | C5: Outcome | D5: Product | E5: Comparator | F5: Effect Size | G5: 95% CI | H5: Favors
B6: KEY BENEFITS
B7: Benefit | C7: =IF('2. Benefits Data'!C6<>"", '2. Benefits Data'!C6, "") -> Overall Response Rate | D7: =IF('2. Benefits Data'!E6<>"", '2. Benefits Data'!E6, "") -> 45/100 (45%) | E7: =IF('2. Benefits Data'!F6<>"", '2. Benefits Data'!F6, "") -> 30/100 (30%) | F7: =IF('2. Benefits Data'!G6<>"", TEXT('2. Benefits Data'!G6, "0.00"), "") -> 1.50 | G7: =IF('2. Benefits Data'!H6<>"", TEXT('2. Benefits Data'!H6, "0.00") & " - " & TEXT('2. Benefits Data'!I6, "0.00"), "") -> 1.15 - 1.95 | H7: =IF('2. Benefits Data'!K6<>"", '2. Benefits Data'!K6, "") -> Product
B8: Benefit | C8: =IF('2. Benefits Data'!C7<>"", '2. Benefits Data'!C7, "") | D8: =IF('2. Benefits Data'!E7<>"", '2. Benefits Data'!E7, "") | E8: =IF('2. Benefits Data'!F7<>"", '2. Benefits Data'!F7, "") | F8: =IF('2. Benefits Data'!G7<>"", TEXT('2. Benefits Data'!G7, "0.00"), "") | G8: =IF('2. Benefits Data'!H7<>"", TEXT('2. Benefits Data'!H7, "0.00") & " - " & TEXT('2. Benefits Data'!I7, "0.00"), "") | H8: =IF('2. Benefits Data'!K7<>"", '2. Benefits Data'!K7, "")
B9: Benefit | C9: =IF('2. Benefits Data'!C8<>"", '2. Benefits Data'!C8, "") | D9: =IF('2. Benefits Data'!E8<>"", '2. Benefits Data'!E8, "") | E9: =IF('2. Benefits Data'!F8<>"", '2. Benefits Data'!F8, "") | F9: =IF('2. Benefits Data'!G8<>"", TEXT('2. Benefits Data'!G8, "0.00"), "") | G9: =IF('2. Benefits Data'!H8<>"", TEXT('2. Benefits Data'!H8, "0.00") & " - " & TEXT('2. Benefits Data'!I8, "0.00"), "") | H9: =IF('2. Benefits Data'!K8<>"", '2. Benefits Data'!K8, "")
B10: Benefit | C10: =IF('2. Benefits Data'!C9<>"", '2. Benefits Data'!C9, "") | D10: =IF('2. Benefits Data'!E9<>"", '2. Benefits Data'!E9, "") | E10: =IF('2. Benefits Data'!F9<>"", '2. Benefits Data'!F9, "") | F10: =IF('2. Benefits Data'!G9<>"", TEXT('2. Benefits Data'!G9, "0.00"), "") | G10: =IF('2. Benefits Data'!H9<>"", TEXT('2. Benefits Data'!H9, "0.00") & " - " & TEXT('2. Benefits Data'!I9, "0.00"), "") | H10: =IF('2. Benefits Data'!K9<>"", '2. Benefits Data'!K9, "")
B11: Benefit | C11: =IF('2. Benefits Data'!C10<>"", '2. Benefits Data'!C10, "") | D11: =IF('2. Benefits Data'!E10<>"", '2. Benefits Data'!E10, "") | E11: =IF('2. Benefits Data'!F10<>"", '2. Benefits Data'!F10, "") | F11: =IF('2. Benefits Data'!G10<>"", TEXT('2. Benefits Data'!G10, "0.00"), "") | G11: =IF('2. Benefits Data'!H10<>"", TEXT('2. Benefits Data'!H10, "0.00") & " - " & TEXT('2. Benefits Data'!I10, "0.00"), "") | H11: =IF('2. Benefits Data'!K10<>"", '2. Benefits Data'!K10, "")
B12: Benefit | C12: =IF('2. Benefits Data'!C11<>"", '2. Benefits Data'!C11, "") | D12: =IF('2. Benefits Data'!E11<>"", '2. Benefits Data'!E11, "") | E12: =IF('2. Benefits Data'!F11<>"", '2. Benefits Data'!F11, "") | F12: =IF('2. Benefits Data'!G11<>"", TEXT('2. Benefits Data'!G11, "0.00"), "") | G12: =IF('2. Benefits Data'!H11<>"", TEXT('2. Benefits Data'!H11, "0.00") & " - " & TEXT('2. Benefits Data'!I11, "0.00"), "") | H12: =IF('2. Benefits Data'!K11<>"", '2. Benefits Data'!K11, "")
B13: Benefit | C13: =IF('2. Benefits Data'!C12<>"", '2. Benefits Data'!C12, "") | D13: =IF('2. Benefits Data'!E12<>"", '2. Benefits Data'!E12, "") | E13: =IF('2. Benefits Data'!F12<>"", '2. Benefits Data'!F12, "") | F13: =IF('2. Benefits Data'!G12<>"", TEXT('2. Benefits Data'!G12, "0.00"), "") | G13: =IF('2. Benefits Data'!H12<>"", TEXT('2. Benefits Data'!H12, "0.00") & " - " & TEXT('2. Benefits Data'!I12, "0.00"), "") | H13: =IF('2. Benefits Data'!K12<>"", '2. Benefits Data'!K12, "")
B14: Benefit | C14: =IF('2. Benefits Data'!C13<>"", '2. Benefits Data'!C13, "") | D14: =IF('2. Benefits Data'!E13<>"", '2. Benefits Data'!E13, "") | E14: =IF('2. Benefits Data'!F13<>"", '2. Benefits Data'!F13, "") | F14: =IF('2. Benefits Data'!G13<>"", TEXT('2. Benefits Data'!G13, "0.00"), "") | G14: =IF('2. Benefits Data'!H13<>"", TEXT('2. Benefits Data'!H13, "0.00") & " - " & TEXT('2. Benefits Data'!I13, "0.00"), "") | H14: =IF('2. Benefits Data'!K13<>"", '2. Benefits Data'!K13, "")
B15: Benefit | C15: =IF('2. Benefits Data'!C14<>"", '2. Benefits Data'!C14, "") | D15: =IF('2. Benefits Data'!E14<>"", '2. Benefits Data'!E14, "") | E15: =IF('2. Benefits Data'!F14<>"", '2. Benefits Data'!F14, "") | F15: =IF('2. Benefits Data'!G14<>"", TEXT('2. Benefits Data'!G14, "0.00"), "") | G15: =IF('2. Benefits Data'!H14<>"", TEXT('2. Benefits Data'!H14, "0.00") & " - " & TEXT('2. Benefits Data'!I14, "0.00"), "") | H15: =IF('2. Benefits Data'!K14<>"", '2. Benefits Data'!K14, "")
B16: Benefit | C16: =IF('2. Benefits Data'!C15<>"", '2. Benefits Data'!C15, "") | D16: =IF('2. Benefits Data'!E15<>"", '2. Benefits Data'!E15, "") | E16: =IF('2. Benefits Data'!F15<>"", '2. Benefits Data'!F15, "") | F16: =IF('2. Benefits Data'!G15<>"", TEXT('2. Benefits Data'!G15, "0.00"), "") | G16: =IF('2. Benefits Data'!H15<>"", TEXT('2. Benefits Data'!H15, "0.00") & " - " & TEXT('2. Benefits Data'!I15, "0.00"), "") | H16: =IF('2. Benefits Data'!K15<>"", '2. Benefits Data'!K15, "")
B17: KEY RISKS
B18: Risk | C18: =IF('3. Risks Data'!C6<>"", '3. Risks Data'!C6, "") -> Grade 3+ Neutropenia | D18: =IF('3. Risks Data'!E6<>"", '3. Risks Data'!E6, "") -> 25/100 (25%) | E18: =IF('3. Risks Data'!F6<>"", '3. Risks Data'!F6, "") -> 15/100 (15%) | F18: =IF('3. Risks Data'!G6<>"", TEXT('3. Risks Data'!G6, "0.00"), "") -> 1.67 | G18: =IF('3. Risks Data'!H6<>"", TEXT('3. Risks Data'!H6, "0.00") & " - " & TEXT('3. Risks Data'!I6, "0.00"), "") -> 1.10 - 2.52 | H18: =IF('3. Risks Data'!K6<>"", '3. Risks Data'!K6, "") -> Comparator
B19: Risk | C19: =IF('3. Risks Data'!C7<>"", '3. Risks Data'!C7, "") | D19: =IF('3. Risks Data'!E7<>"", '3. Risks Data'!E7, "") | E19: =IF('3. Risks Data'!F7<>"", '3. Risks Data'!F7, "") | F19: =IF('3. Risks Data'!G7<>"", TEXT('3. Risks Data'!G7, "0.00"), "") | G19: =IF('3. Risks Data'!H7<>"", TEXT('3. Risks Data'!H7, "0.00") & " - " & TEXT('3. Risks Data'!I7, "0.00"), "") | H19: =IF('3. Risks Data'!K7<>"", '3. Risks Data'!K7, "")
B20: Risk | C20: =IF('3. Risks Data'!C8<>"", '3. Risks Data'!C8, "") | D20: =IF('3. Risks Data'!E8<>"", '3. Risks Data'!E8, "") | E20: =IF('3. Risks Data'!F8<>"", '3. Risks Data'!F8, "") | F20: =IF('3. Risks Data'!G8<>"", TEXT('3. Risks Data'!G8, "0.00"), "") | G20: =IF('3. Risks Data'!H8<>"", TEXT('3. Risks Data'!H8, "0.00") & " - " & TEXT('3. Risks Data'!I8, "0.00"), "") | H20: =IF('3. Risks Data'!K8<>"", '3. Risks Data'!K8, "")
B21: Risk | C21: =IF('3. Risks Data'!C9<>"", '3. Risks Data'!C9, "") | D21: =IF('3. Risks Data'!E9<>"", '3. Risks Data'!E9, "") | E21: =IF('3. Risks Data'!F9<>"", '3. Risks Data'!F9, "") | F21: =IF('3. Risks Data'!G9<>"", TEXT('3. Risks Data'!G9, "0.00"), "") | G21: =IF('3. Risks Data'!H9<>"", TEXT('3. Risks Data'!H9, "0.00") & " - " & TEXT('3. Risks Data'!I9, "0.00"), "") | H21: =IF('3. Risks Data'!K9<>"", '3. Risks Data'!K9, "")
B22: Risk | C22: =IF('3. Risks Data'!C10<>"", '3. Risks Data'!C10, "") | D22: =IF('3. Risks Data'!E10<>"", '3. Risks Data'!E10, "") | E22: =IF('3. Risks Data'!F10<>"", '3. Risks Data'!F10, "") | F22: =IF('3. Risks Data'!G10<>"", TEXT('3. Risks Data'!G10, "0.00"), "") | G22: =IF('3. Risks Data'!H10<>"", TEXT('3. Risks Data'!H10, "0.00") & " - " & TEXT('3. Risks Data'!I10, "0.00"), "") | H22: =IF('3. Risks Data'!K10<>"", '3. Risks Data'!K10, "")
B23: Risk | C23: =IF('3. Risks Data'!C11<>"", '3. Risks Data'!C11, "") | D23: =IF('3. Risks Data'!E11<>"", '3. Risks Data'!E11, "") | E23: =IF('3. Risks Data'!F11<>"", '3. Risks Data'!F11, "") | F23: =IF('3. Risks Data'!G11<>"", TEXT('3. Risks Data'!G11, "0.00"), "") | G23: =IF('3. Risks Data'!H11<>"", TEXT('3. Risks Data'!H11, "0.00") & " - " & TEXT('3. Risks Data'!I11, "0.00"), "") | H23: =IF('3. Risks Data'!K11<>"", '3. Risks Data'!K11, "")
B24: Risk | C24: =IF('3. Risks Data'!C12<>"", '3. Risks Data'!C12, "") | D24: =IF('3. Risks Data'!E12<>"", '3. Risks Data'!E12, "") | E24: =IF('3. Risks Data'!F12<>"", '3. Risks Data'!F12, "") | F24: =IF('3. Risks Data'!G12<>"", TEXT('3. Risks Data'!G12, "0.00"), "") | G24: =IF('3. Risks Data'!H12<>"", TEXT('3. Risks Data'!H12, "0.00") & " - " & TEXT('3. Risks Data'!I12, "0.00"), "") | H24: =IF('3. Risks Data'!K12<>"", '3. Risks Data'!K12, "")
B25: Risk | C25: =IF('3. Risks Data'!C13<>"", '3. Risks Data'!C13, "") | D25: =IF('3. Risks Data'!E13<>"", '3. Risks Data'!E13, "") | E25: =IF('3. Risks Data'!F13<>"", '3. Risks Data'!F13, "") | F25: =IF('3. Risks Data'!G13<>"", TEXT('3. Risks Data'!G13, "0.00"), "") | G25: =IF('3. Risks Data'!H13<>"", TEXT('3. Risks Data'!H13, "0.00") & " - " & TEXT('3. Risks Data'!I13, "0.00"), "") | H25: =IF('3. Risks Data'!K13<>"", '3. Risks Data'!K13, "")
B26: Risk | C26: =IF('3. Risks Data'!C14<>"", '3. Risks Data'!C14, "") | D26: =IF('3. Risks Data'!E14<>"", '3. Risks Data'!E14, "") | E26: =IF('3. Risks Data'!F14<>"", '3. Risks Data'!F14, "") | F26: =IF('3. Risks Data'!G14<>"", TEXT('3. Risks Data'!G14, "0.00"), "") | G26: =IF('3. Risks Data'!H14<>"", TEXT('3. Risks Data'!H14, "0.00") & " - " & TEXT('3. Risks Data'!I14, "0.00"), "") | H26: =IF('3. Risks Data'!K14<>"", '3. Risks Data'!K14, "")
B27: Risk | C27: =IF('3. Risks Data'!C15<>"", '3. Risks Data'!C15, "") | D27: =IF('3. Risks Data'!E15<>"", '3. Risks Data'!E15, "") | E27: =IF('3. Risks Data'!F15<>"", '3. Risks Data'!F15, "") | F27: =IF('3. Risks Data'!G15<>"", TEXT('3. Risks Data'!G15, "0.00"), "") | G27: =IF('3. Risks Data'!H15<>"", TEXT('3. Risks Data'!H15, "0.00") & " - " & TEXT('3. Risks Data'!I15, "0.00"), "") | H27: =IF('3. Risks Data'!K15<>"", '3. Risks Data'!K15, "")
B28: ◎ GUIDANCE: Copy this summary table directly into BRAD Section 7.2. For forest plot, use Sheet 4 data with Excel charting or export to RevMan/R.

Sheet Reference
B2: REFERENCE INFORMATION
B4: EFFECT MEASURES
B5: Risk Ratio (RR) | C5: Relative risk; ratio of event rates. RR=1 means no difference. RR>1 means higher rate in product group.
B6: Odds Ratio (OR) | C6: Ratio of odds of event. OR=1 means no difference. Approximates RR when events are rare (<10%).
B7: Hazard Ratio (HR) | C7: Ratio of hazard rates (time-to-event). HR=1 means no difference. HR<1 typically means longer time-to-event with product.
B8: Risk Difference (RD) | C8: Absolute difference in event rates (Product - Comparator). RD=0 means no difference.
B9: Mean Difference (MD) | C9: Difference in means for continuous outcomes. MD=0 means no difference.
B10: Standardized Mean Diff | C10: Mean difference divided by pooled SD. SMD=0 means no difference. Allows comparison across different scales.
B12: INTERPRETATION GUIDE
B13: For Benefits (RR/OR/HR) | C13: Effect > 1 typically favors product (higher response rate, better outcome). Exception: If measuring time-to-bad-event, HR < 1 favors product.
B14: For Risks (RR/OR/HR) | C14: Effect < 1 typically favors product (lower adverse event rate). Effect > 1 means product has higher risk.
B15: For Differences (RD/MD) | C15: Positive/negative interpretation depends on outcome direction. Always specify in Description column.
B16: Confidence Interval | C16: If 95% CI excludes the null value (1 for ratios, 0 for differences), result is statistically significant at p<0.05.
B17: Clinical Significance | C17: Statistical significance ≠ clinical significance. Consider minimum clinically important difference (MCID).
B19: SOURCES
B20: CIOMS Working Group XII: Benefit-Risk Balance for Medicinal Products (May 2025)
B21: Higgins JPT, Thomas J, et al. Cochrane Handbook for Systematic Reviews of Interventions
B22: IMI-PROTECT Benefit-Risk Wave 1 Report: Recommendations for the methodology and visualisation techniques
B24: Template © 2025 NexVigilant LLC | www.nexvigilant.com | Empowerment Through Vigilance
