Workbook

Sheet 1. Data Input
B2: FOREST PLOT GENERATOR
B3: Enter effect sizes and confidence intervals below. Chart data auto-generates on Sheet 2.
B5: PLOT SETTINGS
B6: Product: | C6: Product X
B7: Comparator: | C7: Placebo
B8: Effect Measure: | C8: Risk Ratio
B9: Null Value: | C9: 1
B11: BENEFIT OUTCOMES
B12: # | C12: Type | D12: Outcome | E12: Product Events/N | F12: Comparator Events/N | G12: Effect Size | H12: CI Lower | I12: CI Upper | J12: P-value | K12: Weight
B13: 1 | C13: BEN | D13: Overall Response | E13: 125/250 | F13: 80/250 | G13: 1.56 | H13: 1.21 | I13: 2.01 | J13: 0.001
B14: 2 | C14: BEN | D14: Complete Response | E14: 45/250 | F14: 20/250 | G14: 2.25 | H14: 1.35 | I14: 3.75 | J14: 0.002
B15: 3 | C15: BEN | D15: Disease Control | E15: 180/250 | F15: 140/250 | G15: 1.29 | H15: 1.08 | I15: 1.53 | J15: 0.004
B16: 4 | C16: BEN | D16: Quality of Life Improvement | E16: 150/250 | F16: 100/250 | G16: 1.5 | H16: 1.2 | I16: 1.88 | J16: 0.001
B17: 5 | C17: BEN
B18: 6 | C18: BEN
B19: 7 | C19: BEN
B20: 8 | C20: BEN
B22: RISK OUTCOMES
B23: # | C23: Type | D23: Outcome | E23: Product Events/N | F23: Comparator Events/N | G23: Effect Size | H23: CI Lower | I23: CI Upper | J23: P-value | K23: Weight
B24: 1 | C24: RSK | D24: Grade 3+ Neutropenia | E24: 62/250 | F24: 25/250 | G24: 2.48 | H24: 1.62 | I24: 3.8 | J24: <0.001
B25: 2 | C25: RSK | D25: Treatment Discontinuation | E25: 30/250 | F25: 12/250 | G25: 2.5 | H25: 1.3 | I25: 4.81 | J25: 0.006
B26: 3 | C26: RSK | D26: Serious Infections | E26: 18/250 | F26: 8/250 | G26: 2.25 | H26: 1 | I26: 5.07 | J26: 0.05
B27: 4 | C27: RSK | D27: Any Grade 3+ AE | E27: 95/250 | F27: 55/250 | G27: 1.73 | H27: 1.3 | I27: 2.3 | J27: <0.001
B28: 5 | C28: RSK
B29: 6 | C29: RSK
B30: 7 | C30: RSK
B31: 8 | C31: RSK

Sheet 2. Chart Data
B2: FOREST PLOT CHART DATA
B3: Auto-calculated from Sheet 1. Use columns E (Effect), H-I (Error bars), J (Y-position) for scatter chart.
B5: Reference | D5: Null Reference Line | E5: ='1. Data Input'!C9 -> 1 | J5: 0
B6: # | C6: Type | D6: Outcome | E6: Effect | F6: CI Low | G6: CI High | H6: Error- | I6: Error+ | J6: Y-Pos | K6: Label: Effect (95% CI)
B7: BENEFITS
B8: 1 | C8: BEN | D8: =IF('1. Data Input'!D13<>"",'1. Data Input'!D13,"") -> Overall Response | E8: =IF('1. Data Input'!G13<>"",'1. Data Input'!G13,"") -> 1.56 | F8: =IF('1. Data Input'!H13<>"",'1. Data Input'!H13,"") -> 1.21 | G8: =IF('1. Data Input'!I13<>"",'1. Data Input'!I13,"") -> 2.01 | H8: =IF(E8<>"",E8-F8,"") -> 0.35 | I8: =IF(E8<>"",G8-E8,"") -> 0.45 | J8: =IF(E8<>"",18,"") -> 18 | K8: =IF(E8<>"",TEXT(E8,"0.00")&" ("&TEXT(F8,"0.00")&"-"&TEXT(G8,"0.00")&")","") -> 1.56 (1.21-2.01)
B9: 2 | C9: BEN | D9: =IF('1. Data Input'!D14<>"",'1. Data Input'!D14,"") -> Complete Response | E9: =IF('1. Data Input'!G14<>"",'1. Data Input'!G14,"") -> 2.25 | F9: =IF('1. Data Input'!H14<>"",'1. Data Input'!H14,"") -> 1.35 | G9: =IF('1. Data Input'!I14<>"",'1. Data Input'!I14,"") -> 3.75 | H9: =IF(E9<>"",E9-F9,"") -> 0.9 | I9: =IF(E9<>"",G9-E9,"") -> 1.5 | J9: =IF(E9<>"",17,"") -> 17 | K9: =IF(E9<>"",TEXT(E9,"0.00")&" ("&TEXT(F9,"0.00")&"-"&TEXT(G9,"0.00")&")","") -> 2.25 (1.35-3.75)
B10: 3 | C10: BEN | D10: =IF('1. Data Input'!D15<>"",'1. Data Input'!D15,"") -> Disease Control | E10: =IF('1. Data Input'!G15<>"",'1. Data Input'!G15,"") -> 1.29 | F10: =IF('1. Data Input'!H15<>"",'1. Data Input'!H15,"") -> 1.08 | G10: =IF('1. Data Input'!I15<>"",'1. Data Input'!I15,"") -> 1.53 | H10: =IF(E10<>"",E10-F10,"") -> 0.21 | I10: =IF(E10<>"",G10-E10,"") -> 0.24 | J10: =IF(E10<>"",16,"") -> 16 | K10: =IF(E10<>"",TEXT(E10,"0.00")&" ("&TEXT(F10,"0.00")&"-"&TEXT(G10,"0.00")&")","") -> 1.29 (1.08-1.53)
B11: 4 | C11: BEN | D11: =IF('1. Data Input'!D16<>"",'1. Data Input'!D16,"") -> Quality of Life Improvement | E11: =IF('1. Data Input'!G16<>"",'1. Data Input'!G16,"") -> 1.5 | F11: =IF('1. Data Input'!H16<>"",'1. Data Input'!H16,"") -> 1.2 | G11: =IF('1. Data Input'!I16<>"",'1. Data Input'!I16,"") -> 1.88 | H11: =IF(E11<>"",E11-F11,"") -> 0.3 | I11: =IF(E11<>"",G11-E11,"") -> 0.38 | J11: =IF(E11<>"",15,"") -> 15 | K11: =IF(E11<>"",TEXT(E11,"0.00")&" ("&TEXT(F11,"0.00")&"-"&TEXT(G11,"0.00")&")","") -> 1.50 (1.20-1.88)
B12: 5 | C12: BEN | D12: =IF('1. Data Input'!D17<>"",'1. Data Input'!D17,"") | E12: =IF('1. Data Input'!G17<>"",'1. Data Input'!G17,"") | F12: =IF('1. Data Input'!H17<>"",'1. Data Input'!H17,"") | G12: =IF('1. Data Input'!I17<>"",'1. Data Input'!I17,"") | H12: =IF(E12<>"",E12-F12,"") | I12: =IF(E12<>"",G12-E12,"") | J12: =IF(E12<>"",14,"") | K12: =IF(E12<>"",TEXT(E12,"0.00")&" ("&TEXT(F12,"0.00")&"-"&TEXT(G12,"0.00")&")","")
B13: 6 | C13: BEN | D13: =IF('1. Data Input'!D18<>"",'1. Data Input'!D18,"") | E13: =IF('1. Data Input'!G18<>"",'1. Data Input'!G18,"") | F13: =IF('1. Data Input'!H18<>"",'1. Data Input'!H18,"") | G13: =IF('1. Data Input'!I18<>"",'1. Data Input'!I18,"") | H13: =IF(E13<>"",E13-F13,"") | I13: =IF(E13<>"",G13-E13,"") | J13: =IF(E13<>"",13,"") | K13: =IF(E13<>"",TEXT(E13,"0.00")&" ("&TEXT(F13,"0.00")&"-"&TEXT(G13,"0.00")&")","")
B14: 7 | C14: BEN | D14: =IF('1. Data Input'!D19<>"",'1. Data Input'!D19,"") | E14: =IF('1. Data Input'!G19<>"",'1. Data Input'!G19,"") | F14: =IF('1. Data Input'!H19<>"",'1. Data Input'!H19,"") | G14: =IF('1. Data Input'!I19<>"",'1. Data Input'!I19,"") | H14: =IF(E14<>"",E14-F14,"") | I14: =IF(E14<>"",G14-E14,"") | J14: =IF(E14<>"",12,"") | K14: =IF(E14<>"",TEXT(E14,"0.00")&" ("&TEXT(F14,"0.00")&"-"&TEXT(G14,"0.00")&")","")
B15: 8 | C15: BEN | D15: =IF('1. Data Input'!D20<>"",'1. Data Input'!D20,"") | E15: =IF('1. Data Input'!G20<>"",'1. Data Input'!G20,"") | F15: =IF('1. Data Input'!H20<>"",'1. Data Input'!H20,"") | G15: =IF('1. Data Input'!I20<>"",'1. Data Input'!I20,"") | H15: =IF(E15<>"",E15-F15,"") | I15: =IF(E15<>"",G15-E15,"") | J15: =IF(E15<>"",11,"") | K15: =IF(E15<>"",TEXT(E15,"0.00")&" ("&TEXT(F15,"0.00")&"-"&TEXT(G15,"0.00")&")","")
B16: RISKS
B17: 1 | C17: RSK | D17: =IF('1. Data Input'!D24<>"",'1. Data Input'!D24,"") -> Grade 3+ Neutropenia | E17: =IF('1. Data Input'!G24<>"",'1. Data Input'!G24,"") -> 2.48 | F17: =IF('1. Data Input'!H24<>"",'1. Data Input'!H24,"") -> 1.62 | G17: =IF('1. Data Input'!I24<>"",'1. Data Input'!I24,"") -> 3.8 | H17: =IF(E17<>"",E17-F17,"") -> 0.86 | I17: =IF(E17<>"",G17-E17,"") -> 1.32 | J17: =IF(E17<>"",9,"") -> 9 | K17: =IF(E17<>"",TEXT(E17,"0.00")&" ("&TEXT(F17,"0.00")&"-"&TEXT(G17,"0.00")&")","") -> 2.48 (1.62-3.80)
B18: 2 | C18: RSK | D18: =IF('1. Data Input'!D25<>"",'1. Data Input'!D25,"") -> Treatment Discontinuation | E18: =IF('1. Data Input'!G25<>"",'1. Data Input'!G25,"") -> 2.5 | F18: =IF('1. Data Input'!H25<>"",'1. Data Input'!H25,"") -> 1.3 | G18: =IF('1. Data Input'!I25<>"",'1. Data Input'!I25,"") -> 4.81 | H18: =IF(E18<>"",E18-F18,"") -> 1.2 | I18: =IF(E18<>"",G18-E18,"") -> 2.31 | J18: =IF(E18<>"",8,"") -> 8 | K18: =IF(E18<>"",TEXT(E18,"0.00")&" ("&TEXT(F18,"0.00")&"-"&TEXT(G18,"0.00")&")","") -> 2.50 (1.30-4.81)
B19: 3 | C19: RSK | D19: =IF('1. Data Input'!D26<>"",'1. Data Input'!D26,"") -> Serious Infections | E19: =IF('1. Data Input'!G26<>"",'1. Data Input'!G26,"") -> 2.25 | F19: =IF('1. Data Input'!H26<>"",'1. Data Input'!H26,"") -> 1 | G19: =IF('1. Data Input'!I26<>"",'1. Data Input'!I26,"") -> 5.07 | H19: =IF(E19<>"",E19-F19,"") -> 1.25 | I19: =IF(E19<>"",G19-E19,"") -> 2.82 | J19: =IF(E19<>"",7,"") -> 7 | K19: =IF(E19<>"",TEXT(E19,"0.00")&" ("&TEXT(F19,"0.00")&"-"&TEXT(G19,"0.00")&")","") -> 2.25 (1.00-5.07)
B20: 4 | C20: RSK | D20: =IF('1. Data Input'!D27<>"",'1. Data Input'!D27,"") -> Any Grade 3+ AE | E20: =IF('1. Data Input'!G27<>"",'1. Data Input'!G27,"") -> 1.73 | F20: =IF('1. Data Input'!H27<>"",'1. Data Input'!H27,"") -> 1.3 | G20: =IF('1. Data Input'!I27<>"",'1. Data Input'!I27,"") -> 2.3 | H20: =IF(E20<>"",E20-F20,"") -> 0.43 | I20: =IF(E20<>"",G20-E20,"") -> 0.57 | J20: =IF(E20<>"",6,"") -> 6 | K20: =IF(E20<>"",TEXT(E20,"0.00")&" ("&TEXT(F20,"0.00")&"-"&TEXT(G20,"0.00")&")","") -> 1.73 (1.30-2.30)
B21: 5 | C21: RSK | D21: =IF('1. Data Input'!D28<>"",'1. Data Input'!D28,"") | E21: =IF('1. Data Input'!G28<>"",'1. Data Input'!G28,"") | F21: =IF('1. Data Input'!H28<>"",'1. Data Input'!H28,"") | G21: =IF('1. Data Input'!I28<>"",'1. Data Input'!I28,"") | H21: =IF(E21<>"",E21-F21,"") | I21: =IF(E21<>"",G21-E21,"") | J21: =IF(E21<>"",5,"") | K21: =IF(E21<>"",TEXT(E21,"0.00")&" ("&TEXT(F21,"0.00")&"-"&TEXT(G21,"0.00")&")","")
B22: 6 | C22: RSK | D22: =IF('1. Data Input'!D29<>"",'1. Data Input'!D29,"") | E22: =IF('1. Data Input'!G29<>"",'1. Data Input'!G29,"") | F22: =IF('1. Data Input'!H29<>"",'1. Data Input'!H29,"") | G22: =IF('1. Data Input'!I29<>"",'1. Data Input'!I29,"") | H22: =IF(E22<>"",E22-F22,"") | I22: =IF(E22<>"",G22-E22,"") | J22: =IF(E22<>"",4,"") | K22: =IF(E22<>"",TEXT(E22,"0.00")&" ("&TEXT(F22,"0.00")&"-"&TEXT(G22,"0.00")&")","")
B23: 7 | C23: RSK | D23: =IF('1. Data Input'!D30<>"",'1. Data Input'!D30,"") | E23: =IF('1. Data Input'!G30<>"",'1. Data Input'!G30,"") | F23: =IF('1. Data Input'!H30<>"",'1. Data Input'!H30,"") | G23: =IF('1. Data Input'!I30<>"",'1. Data Input'!I30,"") | H23: =IF(E23<>"",E23-F23,"") | I23: =IF(E23<>"",G23-E23,"") | J23: =IF(E23<>"",3,"") | K23: =IF(E23<>"",TEXT(E23,"0.00")&" ("&TEXT(F23,"0.00")&"-"&TEXT(G23,"0.00")&")","")
B24: 8 | C24: RSK | D24: =IF('1. Data Input'!D31<>"",'1. Data Input'!D31,"") | E24: =IF('1. Data Input'!G31<>"",'1. Data Input'!G31,"") | F24: =IF('1. Data Input'!H31<>"",'1. Data Input'!H31,"") | G24: =IF('1. Data Input'!I31<>"",'1. Data Input'!I31,"") | H24: =IF(E24<>"",E24-F24,"") | I24: =IF(E24<>"",G24-E24,"") | J24: =IF(E24<>"",2,"") | K24: =IF(E24<>"",TEXT(E24,"0.00")&" ("&TEXT(F24,"0.00")&"-"&TEXT(G24,"0.00")&")","")
B26: ◎ TO CREATE FOREST PLOT IN EXCEL/SHEETS:
B27: 1. Select columns E (Effect) and J (Y-Pos) for data rows with values
B28: 2. Insert → Chart → Scatter (Markers Only)
B29: 3. Add Error Bars: Use column H for Negative, column I for Positive
B30: 4. Add vertical reference line at null value (from E5)
B31: 5. Add data labels from column K for effect size annotations
B32: 6. Format: Benefits markers in teal (#0D9488), Risks in gold (#D97706)

Sheet 3. Apps Script
B2: GOOGLE APPS SCRIPT FOR AUTOMATED FOREST PLOT
B3: Copy this code to Extensions → Apps Script in Google Sheets. Run generateForestPlot() to create the chart.
B5: // NexVigilant Forest Plot Generator - Google Apps Script
B6: // ============================================================
B7: // FOREST PLOT GENERATOR - GOOGLE APPS SCRIPT
B8: // NexVigilant Benefit-Risk Intelligence Toolkit
B9: // ============================================================
B11: /**
B12: * Main function to generate forest plot from data
B13: * Run this function after entering data on Sheet 1
B14: */
B15: function generateForestPlot() {
... B127: }

Sheet Reference
B2: FOREST PLOT REFERENCE
B4: INTERPRETATION GUIDE
B5: Point Estimate | C5: The central marker represents the calculated effect size (RR, OR, HR, or difference).
B6: Confidence Interval | C6: Horizontal line shows 95% CI. Narrow = precise estimate; Wide = uncertain estimate.
B7: Null Reference Line | C7: Vertical line at 1.0 (ratios) or 0 (differences). CI crossing this line = not statistically significant.
B8: Favors Product | C8: For benefits: effect > null. For risks: effect < null (depending on direction of effect measure).
B9: Statistical Significance | C9: If 95% CI does not include null value, p < 0.05 (statistically significant).
B11: Template © 2025 NexVigilant LLC | www.nexvigilant.com
