Workbook

Sheet Instructions
B2: NexVigilant MCDA Decision Model
B3: Multi-Criteria Decision Analysis for Quantitative Benefit-Risk Assessment | Based on CIOMS WG XII & IMI-PROTECT
B5: ◎ LOAD-BEARING CONCEPT: WHAT IS MCDA?
B6: Multi-Criteria Decision Analysis (MCDA) is a structured framework for making decisions involving multiple, potentially conflicting criteria. In benefit-risk assessment, MCDA provides: • SYSTEMATIC STRUCTURE: Decompose complex B-R decisions into manageable components (criteria) • EXPLICIT WEIGHTING: Quantify the relative importance of different benefits and risks • TRANSPARENT AGGREGATION: Combine criteria scores using defensible mathematical rules • SENSITIVITY TESTING: Examine how conclusions change under different assumptions • STAKEHOLDER ALIGNMENT: Make implicit value judgments explicit and discussable MCDA does NOT replace clinical judgment—it structures and documents the reasoning process. The output is not "the answer" but rather a transparent framework for understanding how different value perspectives affect conclusions. Per CIOMS WG XII: "Quantitative approaches should be considered when decision-makers have divergent views, when complex trade-offs exist across multiple attributes, or when the benefit-risk balance is close to equipoise."
B8: ◆ SIGNAL DETECTED: WHEN MCDA IS WARRANTED
B9: MCDA adds value when qualitative assessment alone is insufficient. Specific triggers include: 1. DIVERGENT STAKEHOLDER VIEWS: BRMT members disagree on B-R conclusion 2. CLOSE CALLS: Benefits and risks are approximately balanced; small weighting changes could flip the decision 3. COMPLEX TRADE-OFFS: Multiple benefits and multiple risks with no obvious dominant option 4. COMPARATIVE DECISIONS: Choosing between treatment alternatives with different B-R profiles 5. TRANSPARENCY REQUIREMENTS: Regulatory agencies request explicit B-R quantification 6. PATIENT PREFERENCE INTEGRATION: Incorporating patient trade-off data into decision-making MCDA is NOT needed when the B-R conclusion is obvious (clear benefit dominance or unacceptable risk).
B11: ◎ HOW TO USE THIS WORKBOOK
B12: STEP 1: Configure Settings (Sheet: "1. Settings") Define product, comparator, indication, and select the MCDA aggregation method (linear additive model recommended). STEP 2: Define Criteria (Sheet: "2. Criteria") List all benefit and risk criteria to be included. These should match your Value Tree and Effects Table. Include only criteria that materially affect the B-R decision. STEP 3: Enter Performance Data (Sheet: "3. Performance") Enter raw outcome data for Product and Comparator on each criterion. Define best/worst reference values for normalization. STEP 4: Score Normalization (Sheet: "4. Scoring") Auto-calculated: converts raw performance to 0-100 utility scores using linear interpolation. Higher score = better performance. STEP 5: Assign Preference Weights (Sheet: "5. Weighting") Enter stakeholder weights for each criterion. Benefits weights must sum to 100%. Risks weights must sum to 100%. Then assign the overall Benefits vs Risks trade-off weight. STEP 6: Review Analysis (Sheet: "6. Analysis") Auto-calculated: weighted utility scores for each criterion, aggregated B-R scores, and decision recommendation. STEP 7: Sensitivity Analysis (Sheet: "7. Sensitivity") Examine how the decision changes when weights are varied. Identify threshold weights where the decision flips. STEP 8: Visualization (Sheet: "8. Visualization") Pre-formatted data for creating stacked bar charts, tornado diagrams, and decision threshold plots.
B14: Template © 2025 NexVigilant LLC | www.nexvigilant.com | Empowerment Through Vigilance

Sheet 1. Settings
B2: MCDA MODEL SETTINGS
B4: Assessment Information
B5: Product Name: | C5: Enter product INN
B6: Comparator: | C6: Enter comparator (e.g., Placebo, Active Control)
B7: Indication: | C7: Enter indication
B8: Target Population: | C8: Define patient population
B9: Data Source: | C9: e.g., Pivotal Phase 3, Meta-analysis
B10: Assessment Date: | C10: DD-MMM-YYYY
B11: BRAD Reference: | C11: e.g., BRAD-2025-001 v2.0
B13: MCDA Method Configuration
B14: Aggregation Method: | C14: Linear Additive | D14: ← Linear Additive recommended per IMI-PROTECT
B15: Scoring Scale: | C15: 0-100 | D15: ← 0 = Worst, 100 = Best
B16: B-R Integration: | C16: Difference (Benefits - Risks)
B18: ◎ GUIDANCE: The Linear Additive model is the most widely used and interpretable MCDA approach. It assumes criteria are preference-independent (value on one criterion doesn't depend on values of others).

Sheet 2. Criteria
B2: DECISION CRITERIA
B3: Define all benefit and risk criteria to be included in the MCDA. These should align with your Value Tree and Effects Table.
B5: BENEFIT CRITERIA
B6: # | C6: ID | D6: Criterion Name | E6: Description / Endpoint | F6: Direction
B7: 1 | C7: B1 | D7: Overall Response Rate | E7: ORR per RECIST 1.1 criteria | F7: Higher = Better
B8: 2 | C8: B2 | D8: Progression-Free Survival | E8: Median PFS (months) | F8: Higher = Better
B9: 3 | C9: B3 | F9: Higher = Better
B10: 4 | C10: B4 | F10: Higher = Better
B11: 5 | C11: B5 | F11: Higher = Better
B12: 6 | C12: B6 | F12: Higher = Better
B13: 7 | C13: B7 | F13: Higher = Better
B14: 8 | C14: B8 | F14: Higher = Better
B16: RISK CRITERIA
B17: # | C17: ID | D17: Criterion Name | E17: Description / Endpoint | F17: Direction
B18: 1 | C18: R1 | D18: Grade 3+ Neutropenia | E18: Incidence of CTCAE Grade ≥3 neutropenia | F18: Higher = Worse
B19: 2 | C19: R2 | D19: Treatment Discontinuation | E19: Discontinuation due to adverse events | F19: Higher = Worse
B20: 3 | C20: R3 | F20: Higher = Worse
B21: 4 | C21: R4 | F21: Higher = Worse
B22: 5 | C22: R5 | F22: Higher = Worse
B23: 6 | C23: R6 | F23: Higher = Worse
B24: 7 | C24: R7 | F24: Higher = Worse
B25: 8 | C25: R8 | F25: Higher = Worse

Sheet 3. Performance
B2: PERFORMANCE DATA
B3: Enter raw outcome data for Product and Comparator. Define Best and Worst reference values for score normalization.
B5: BENEFIT CRITERIA - PERFORMANCE
B6: # | C6: ID | D6: Criterion | E6: Product | F6: Comparator | G6: Best | H6: Worst | I6: Unit
B7: 1 | C7: ='2. Criteria'!C7 -> B1 | D7: ='2. Criteria'!D7 -> Overall Response Rate | E7: 45 | F7: 30 | G7: 100 | H7: 0 | I7: %
B8: 2 | C8: ='2. Criteria'!C8 -> B2 | D8: ='2. Criteria'!D8 -> Progression-Free Survival | E8: 12.5 | F8: 8.2 | G8: 24 | H8: 0 | I8: months
B9: 3 | C9: ='2. Criteria'!C9 -> B3 | D9: ='2. Criteria'!D9 -> 0
B10: 4 | C10: ='2. Criteria'!C10 -> B4 | D10: ='2. Criteria'!D10 -> 0
B11: 5 | C11: ='2. Criteria'!C11 -> B5 | D11: ='2. Criteria'!D11 -> 0
B12: 6 | C12: ='2. Criteria'!C12 -> B6 | D12: ='2. Criteria'!D12 -> 0
B13: 7 | C13: ='2. Criteria'!C13 -> B7 | D13: ='2. Criteria'!D13 -> 0
B14: 8 | C14: ='2. Criteria'!C14 -> B8 | D14: ='2. Criteria'!D14 -> 0
B16: RISK CRITERIA - PERFORMANCE
B17: # | C17: ID | D17: Criterion | E17: Product | F17: Comparator | G17: Best | H17: Worst | I17: Unit
B18: 1 | C18: ='2. Criteria'!C18 -> R1 | D18: ='2. Criteria'!D18 -> Grade 3+ Neutropenia | E18: 25 | F18: 15 | G18: 0 | H18: 50 | I18: %
B19: 2 | C19: ='2. Criteria'!C19 -> R2 | D19: ='2. Criteria'!D19 -> Treatment Discontinuation | E19: 12 | F19: 8 | G19: 0 | H19: 30 | I19: %
B20: 3 | C20: ='2. Criteria'!C20 -> R3 | D20: ='2. Criteria'!D20 -> 0
B21: 4 | C21: ='2. Criteria'!C21 -> R4 | D21: ='2. Criteria'!D21 -> 0
B22: 5 | C22: ='2. Criteria'!C22 -> R5 | D22: ='2. Criteria'!D22 -> 0
B23: 6 | C23: ='2. Criteria'!C23 -> R6 | D23: ='2. Criteria'!D23 -> 0
B24: 7 | C24: ='2. Criteria'!C24 -> R7 | D24: ='2. Criteria'!D24 -> 0
B25: 8 | C25: ='2. Criteria'!C25 -> R8 | D25: ='2. Criteria'!D25 -> 0

Sheet 4. Scoring
B2: NORMALIZED SCORES (0-100)
B3: Auto-calculated: Linear interpolation converts raw performance to 0-100 utility scale. Higher score = better performance.
B5: BENEFIT SCORES
B6: # | C6: ID | D6: Criterion | E6: Product Score | F6: Comparator Score | G6: Difference
B7: 1 | C7: ='3. Performance'!C7 -> B1 | D7: ='3. Performance'!D7 -> Overall Response Rate | E7: =IF('3. Performance'!E7="","",IF('3. Performance'!G7='3. Performance'!H7,50,('3. Performance'!E7-'3. Performance'!H7)/('3. Performance'!G7-'3. Performance'!H7)*100)) -> 45 | F7: =IF('3. Performance'!F7="","",IF('3. Performance'!G7='3. Performance'!H7,50,('3. Performance'!F7-'3. Performance'!H7)/('3. Performance'!G7-'3. Performance'!H7)*100)) -> 30 | G7: =IF(E7="","",E7-F7) -> 15
B8: 2 | C8: ='3. Performance'!C8 -> B2 | D8: ='3. Performance'!D8 -> Progression-Free Survival | E8: =IF('3. Performance'!E8="","",IF('3. Performance'!G8='3. Performance'!H8,50,('3. Performance'!E8-'3. Performance'!H8)/('3. Performance'!G8-'3. Performance'!H8)*100)) -> 52.083333 | F8: =IF('3. Performance'!F8="","",IF('3. Performance'!G8='3. Performance'!H8,50,('3. Performance'!F8-'3. Performance'!H8)/('3. Performance'!G8-'3. Performance'!H8)*100)) -> 34.166667 | G8: =IF(E8="","",E8-F8) -> 17.916667
B9: 3 | C9: ='3. Performance'!C9 -> B3 | D9: ='3. Performance'!D9 -> 0 | E9: =IF('3. Performance'!E9="","",IF('3. Performance'!G9='3. Performance'!H9,50,('3. Performance'!E9-'3. Performance'!H9)/('3. Performance'!G9-'3. Performance'!H9)*100)) | F9: =IF('3. Performance'!F9="","",IF('3. Performance'!G9='3. Performance'!H9,50,('3. Performance'!F9-'3. Performance'!H9)/('3. Performance'!G9-'3. Performance'!H9)*100)) | G9: =IF(E9="","",E9-F9)
B10: 4 | C10: ='3. Performance'!C10 -> B4 | D10: ='3. Performance'!D10 -> 0 | E10: =IF('3. Performance'!E10="","",IF('3. Performance'!G10='3. Performance'!H10,50,('3. Performance'!E10-'3. Performance'!H10)/('3. Performance'!G10-'3. Performance'!H10)*100)) | F10: =IF('3. Performance'!F10="","",IF('3. Performance'!G10='3. Performance'!H10,50,('3. Performance'!F10-'3. Performance'!H10)/('3. Performance'!G10-'3. Performance'!H10)*100)) | G10: =IF(E10="","",E10-F10)
B11: 5 | C11: ='3. Performance'!C11 -> B5 | D11: ='3. Performance'!D11 -> 0 | E11: =IF('3. Performance'!E11="","",IF('3. Performance'!G11='3. Performance'!H11,50,('3. Performance'!E11-'3. Performance'!H11)/('3. Performance'!G11-'3. Performance'!H11)*100)) | F11: =IF('3. Performance'!F11="","",IF('3. Performance'!G11='3. Performance'!H11,50,('3. Performance'!F11-'3. Performance'!H11)/('3. Performance'!G11-'3. Performance'!H11)*100)) | G11: =IF(E11="","",E11-F11)
B12: 6 | C12: ='3. Performance'!C12 -> B6 | D12: ='3. Performance'!D12 -> 0 | E12: =IF('3. Performance'!E12="","",IF('3. Performance'!G12='3. Performance'!H12,50,('3. Performance'!E12-'3. Performance'!H12)/('3. Performance'!G12-'3. Performance'!H12)*100)) | F12: =IF('3. Performance'!F12="","",IF('3. Performance'!G12='3. Performance'!H12,50,('3. Performance'!F12-'3. Performance'!H12)/('3. Performance'!G12-'3. Performance'!H12)*100)) | G12: =IF(E12="","",E12-F12)
B13: 7 | C13: ='3. Performance'!C13 -> B7 | D13: ='3. Performance'!D13 -> 0 | E13: =IF('3. Performance'!E13="","",IF('3. Performance'!G13='3. Performance'!H13,50,('3. Performance'!E13-'3. Performance'!H13)/('3. Performance'!G13-'3. Performance'!H13)*100)) | F13: =IF('3. Performance'!F13="","",IF('3. Performance'!G13='3. Performance'!H13,50,('3. Performance'!F13-'3. Performance'!H13)/('3. Performance'!G13-'3. Performance'!H13)*100)) | G13: =IF(E13="","",E13-F13)
B14: 8 | C14: ='3. Performance'!C14 -> B8 | D14: ='3. Performance'!D14 -> 0 | E14: =IF('3. Performance'!E14="","",IF('3. Performance'!G14='3. Performance'!H14,50,('3. Performance'!E14-'3. Performance'!H14)/('3. Performance'!G14-'3. Performance'!H14)*100)) | F14: =IF('3. Performance'!F14="","",IF('3. Performance'!G14='3. Performance'!H14,50,('3. Performance'!F14-'3. Performance'!H14)/('3. Performance'!G14-'3. Performance'!H14)*100)) | G14: =IF(E14="","",E14-F14)
B16: RISK SCORES
B17: # | C17: ID | D17: Criterion | E17: Product Score | F17: Comparator Score | G17: Difference
B18: 1 | C18: ='3. Performance'!C18 -> R1 | D18: ='3. Performance'!D18 -> Grade 3+ Neutropenia | E18: =IF('3. Performance'!E18="","",IF('3. Performance'!G18='3. Performance'!H18,50,('3. Performance'!H18-'3. Performance'!E18)/('3. Performance'!H18-'3. Performance'!G18)*100)) -> 50 | F18: =IF('3. Performance'!F18="","",IF('3. Performance'!G18='3. Performance'!H18,50,('3. Performance'!H18-'3. Performance'!F18)/('3. Performance'!H18-'3. Performance'!G18)*100)) -> 70 | G18: =IF(E18="","",E18-F18) -> -20
B19: 2 | C19: ='3. Performance'!C19 -> R2 | D19: ='3. Performance'!D19 -> Treatment Discontinuation | E19: =IF('3. Performance'!E19="","",IF('3. Performance'!G19='3. Performance'!H19,50,('3. Performance'!H19-'3. Performance'!E19)/('3. Performance'!H19-'3. Performance'!G19)*100)) -> 60 | F19: =IF('3. Performance'!F19="","",IF('3. Performance'!G19='3. Performance'!H19,50,('3. Performance'!H19-'3. Performance'!F19)/('3. Performance'!H19-'3. Performance'!G19)*100)) -> 73.333333 | G19: =IF(E19="","",E19-F19) -> -13.333333
B20: 3 | C20: ='3. Performance'!C20 -> R3 | D20: ='3. Performance'!D20 -> 0 | E20: =IF('3. Performance'!E20="","",IF('3. Performance'!G20='3. Performance'!H20,50,('3. Performance'!H20-'3. Performance'!E20)/('3. Performance'!H20-'3. Performance'!G20)*100)) | F20: =IF('3. Performance'!F20="","",IF('3. Performance'!G20='3. Performance'!H20,50,('3. Performance'!H20-'3. Performance'!F20)/('3. Performance'!H20-'3. Performance'!G20)*100)) | G20: =IF(E20="","",E20-F20)
B21: 4 | C21: ='3. Performance'!C21 -> R4 | D21: ='3. Performance'!D21 -> 0 | E21: =IF('3. Performance'!E21="","",IF('3. Performance'!G21='3. Performance'!H21,50,('3. Performance'!H21-'3. Performance'!E21)/('3. Performance'!H21-'3. Performance'!G21)*100)) | F21: =IF('3. Performance'!F21="","",IF('3. Performance'!G21='3. Performance'!H21,50,('3. Performance'!H21-'3. Performance'!F21)/('3. Performance'!H21-'3. Performance'!G21)*100)) | G21: =IF(E21="","",E21-F21)
B22: 5 | C22: ='3. Performance'!C22 -> R5 | D22: ='3. Performance'!D22 -> 0 | E22: =IF('3. Performance'!E22="","",IF('3. Performance'!G22='3. Performance'!H22,50,('3. Performance'!H22-'3. Performance'!E22)/('3. Performance'!H22-'3. Performance'!G22)*100)) | F22: =IF('3. Performance'!F22="","",IF('3. Performance'!G22='3. Performance'!H22,50,('3. Performance'!H22-'3. Performance'!F22)/('3. Performance'!H22-'3. Performance'!G22)*100)) | G22: =IF(E22="","",E22-F22)
B23: 6 | C23: ='3. Performance'!C23 -> R6 | D23: ='3. Performance'!D23 -> 0 | E23: =IF('3. Performance'!E23="","",IF('3. Performance'!G23='3. Performance'!H23,50,('3. Performance'!H23-'3. Performance'!E23)/('3. Performance'!H23-'3. Performance'!G23)*100)) | F23: =IF('3. Performance'!F23="","",IF('3. Performance'!G23='3. Performance'!H23,50,('3. Performance'!H23-'3. Performance'!F23)/('3. Performance'!H23-'3. Performance'!G23)*100)) | G23: =IF(E23="","",E23-F23)
B24: 7 | C24: ='3. Performance'!C24 -> R7 | D24: ='3. Performance'!D24 -> 0 | E24: =IF('3. Performance'!E24="","",IF('3. Performance'!G24='3. Performance'!H24,50,('3. Performance'!H24-'3. Performance'!E24)/('3. Performance'!H24-'3. Performance'!G24)*100)) | F24: =IF('3. Performance'!F24="","",IF('3. Performance'!G24='3. Performance'!H24,50,('3. Performance'!H24-'3. Performance'!F24)/('3. Performance'!H24-'3. Performance'!G24)*100)) | G24: =IF(E24="","",E24-F24)
B25: 8 | C25: ='3. Performance'!C25 -> R8 | D25: ='3. Performance'!D25 -> 0 | E25: =IF('3. Performance'!E25="","",IF('3. Performance'!G25='3. Performance'!H25,50,('3. Performance'!H25-'3. Performance'!E25)/('3. Performance'!H25-'3. Performance'!G25)*100)) | F25: =IF('3. Performance'!F25="","",IF('3. Performance'!G25='3. Performance'!H25,50,('3. Performance'!H25-'3. Performance'!F25)/('3. Performance'!H25-'3. Performance'!G25)*100)) | G25: =IF(E25="","",E25-F25)

Sheet 5. Weighting
B2: PREFERENCE WEIGHTS
B3: Assign importance weights to each criterion. Within-category weights must sum to 100%. Then set the overall Benefits vs Risks trade-off.
B5: BENEFIT WEIGHTS
B6: # | C6: ID | D6: Criterion | E6: Weight (%) | F6: Validation
B7: 1 | C7: ='2. Criteria'!C7 -> B1 | D7: ='2. Criteria'!D7 -> Overall Response Rate | E7: 50
B8: 2 | C8: ='2. Criteria'!C8 -> B2 | D8: ='2. Criteria'!D8 -> Progression-Free Survival | E8: 50
B9: 3 | C9: ='2. Criteria'!C9 -> B3 | D9: ='2. Criteria'!D9 -> 0
B10: 4 | C10: ='2. Criteria'!C10 -> B4 | D10: ='2. Criteria'!D10 -> 0
B11: 5 | C11: ='2. Criteria'!C11 -> B5 | D11: ='2. Criteria'!D11 -> 0
B12: 6 | C12: ='2. Criteria'!C12 -> B6 | D12: ='2. Criteria'!D12 -> 0
B13: 7 | C13: ='2. Criteria'!C13 -> B7 | D13: ='2. Criteria'!D13 -> 0
B14: 8 | C14: ='2. Criteria'!C14 -> B8 | D14: ='2. Criteria'!D14 -> 0
D15: TOTAL | E15: =SUM(E7:E14) -> 100 | F15: =IF(E15=100,"✓ Valid","⚠ Must = 100%") -> ✓ Valid
B17: RISK WEIGHTS
B18: # | C18: ID | D18: Criterion | E18: Weight (%) | F18: Validation
B19: 1 | C19: ='2. Criteria'!C18 -> R1 | D19: ='2. Criteria'!D18 -> Grade 3+ Neutropenia | E19: 60
B20: 2 | C20: ='2. Criteria'!C19 -> R2 | D20: ='2. Criteria'!D19 -> Treatment Discontinuation | E20: 40
B21: 3 | C21: ='2. Criteria'!C20 -> R3 | D21: ='2. Criteria'!D20 -> 0
B22: 4 | C22: ='2. Criteria'!C21 -> R4 | D22: ='2. Criteria'!D21 -> 0
B23: 5 | C23: ='2. Criteria'!C22 -> R5 | D23: ='2. Criteria'!D22 -> 0
B24: 6 | C24: ='2. Criteria'!C23 -> R6 | D24: ='2. Criteria'!D23 -> 0
B25: 7 | C25: ='2. Criteria'!C24 -> R7 | D25: ='2. Criteria'!D24 -> 0
B26: 8 | C26: ='2. Criteria'!C25 -> R8 | D26: ='2. Criteria'!D25 -> 0
D27: TOTAL | E27: =SUM(E19:E26) -> 100 | F27: =IF(E27=100,"✓ Valid","⚠ Must = 100%") -> ✓ Valid
B29: OVERALL BENEFIT-RISK TRADE-OFF
D30: Benefits Weight (%) | E30: 50 | F30: ← Trade-off weight
D31: Risks Weight (%) | E31: =100-E30 -> 50 | F31: ← Auto-calculated

Sheet 6. Analysis
B2: MCDA ANALYSIS RESULTS
B3: Auto-calculated: Weighted utility scores, aggregated B-R values, and decision recommendation.
B5: WEIGHTED BENEFIT SCORES
B6: # | C6: ID | D6: Criterion | E6: Weight | F6: Product Score | G6: Comp. Score | H6: Product Weighted | I6: Comp. Weighted
B7: 1 | C7: ='4. Scoring'!C7 -> B1 | D7: ='4. Scoring'!D7 -> Overall Response Rate | E7: =IF('5. Weighting'!E7="","",'5. Weighting'!E7/100) -> 0.5 | F7: ='4. Scoring'!E7 -> 45 | G7: ='4. Scoring'!F7 -> 30 | H7: =IF(OR(E7="",F7=""),"",E7*F7) -> 22.5 | I7: =IF(OR(E7="",G7=""),"",E7*G7) -> 15
B8: 2 | C8: ='4. Scoring'!C8 -> B2 | D8: ='4. Scoring'!D8 -> Progression-Free Survival | E8: =IF('5. Weighting'!E8="","",'5. Weighting'!E8/100) -> 0.5 | F8: ='4. Scoring'!E8 -> 52.083333 | G8: ='4. Scoring'!F8 -> 34.166667 | H8: =IF(OR(E8="",F8=""),"",E8*F8) -> 26.041667 | I8: =IF(OR(E8="",G8=""),"",E8*G8) -> 17.083333
B9: 3 | C9: ='4. Scoring'!C9 -> B3 | D9: ='4. Scoring'!D9 -> 0 | E9: =IF('5. Weighting'!E9="","",'5. Weighting'!E9/100) | F9: ='4. Scoring'!E9 | G9: ='4. Scoring'!F9 | H9: =IF(OR(E9="",F9=""),"",E9*F9) | I9: =IF(OR(E9="",G9=""),"",E9*G9)
B10: 4 | C10: ='4. Scoring'!C10 -> B4 | D10: ='4. Scoring'!D10 -> 0 | E10: =IF('5. Weighting'!E10="","",'5. Weighting'!E10/100) | F10: ='4. Scoring'!E10 | G10: ='4. Scoring'!F10 | H10: =IF(OR(E10="",F10=""),"",E10*F10) | I10: =IF(OR(E10="",G10=""),"",E10*G10)
B11: 5 | C11: ='4. Scoring'!C11 -> B5 | D11: ='4. Scoring'!D11 -> 0 | E11: =IF('5. Weighting'!E11="","",'5. Weighting'!E11/100) | F11: ='4. Scoring'!E11 | G11: ='4. Scoring'!F11 | H11: =IF(OR(E11="",F11=""),"",E11*F11) | I11: =IF(OR(E11="",G11=""),"",E11*G11)
B12: 6 | C12: ='4. Scoring'!C12 -> B6 | D12: ='4. Scoring'!D12 -> 0 | E12: =IF('5. Weighting'!E12="","",'5. Weighting'!E12/100) | F12: ='4. Scoring'!E12 | G12: ='4. Scoring'!F12 | H12: =IF(OR(E12="",F12=""),"",E12*F12) | I12: =IF(OR(E12="",G12=""),"",E12*G12)
B13: 7 | C13: ='4. Scoring'!C13 -> B7 | D13: ='4. Scoring'!D13 -> 0 | E13: =IF('5. Weighting'!E13="","",'5. Weighting'!E13/100) | F13: ='4. Scoring'!E13 | G13: ='4. Scoring'!F13 | H13: =IF(OR(E13="",F13=""),"",E13*F13) | I13: =IF(OR(E13="",G13=""),"",E13*G13)
B14: 8 | C14: ='4. Scoring'!C14 -> B8 | D14: ='4. Scoring'!D14 -> 0 | E14: =IF('5. Weighting'!E14="","",'5. Weighting'!E14/100) | F14: ='4. Scoring'!E14 | G14: ='4. Scoring'!F14 | H14: =IF(OR(E14="",F14=""),"",E14*F14) | I14: =IF(OR(E14="",G14=""),"",E14*G14)
D15: BENEFIT SUBTOTAL | E15: =SUM(E7:E14) -> 1 | H15: =SUM(H7:H14) -> 48.541667 | I15: =SUM(I7:I14) -> 32.083333
B17: WEIGHTED RISK SCORES
B18: # | C18: ID | D18: Criterion | E18: Weight | F18: Product Score | G18: Comp. Score | H18: Product Weighted | I18: Comp. Weighted
B19: 1 | C19: ='4. Scoring'!C18 -> R1 | D19: ='4. Scoring'!D18 -> Grade 3+ Neutropenia | E19: =IF('5. Weighting'!E19="","",'5. Weighting'!E19/100) -> 0.6 | F19: ='4. Scoring'!E18 -> 50 | G19: ='4. Scoring'!F18 -> 70 | H19: =IF(OR(E19="",F19=""),"",E19*F19) -> 30 | I19: =IF(OR(E19="",G19=""),"",E19*G19) -> 42
B20: 2 | C20: ='4. Scoring'!C19 -> R2 | D20: ='4. Scoring'!D19 -> Treatment Discontinuation | E20: =IF('5. Weighting'!E20="","",'5. Weighting'!E20/100) -> 0.4 | F20: ='4. Scoring'!E19 -> 60 | G20: ='4. Scoring'!F19 -> 73.333333 | H20: =IF(OR(E20="",F20=""),"",E20*F20) -> 24 | I20: =IF(OR(E20="",G20=""),"",E20*G20) -> 29.333333
B21: 3 | C21: ='4. Scoring'!C20 -> R3 | D21: ='4. Scoring'!D20 -> 0 | E21: =IF('5. Weighting'!E21="","",'5. Weighting'!E21/100) | F21: ='4. Scoring'!E20 | G21: ='4. Scoring'!F20 | H21: =IF(OR(E21="",F21=""),"",E21*F21) | I21: =IF(OR(E21="",G21=""),"",E21*G21)
B22: 4 | C22: ='4. Scoring'!C21 -> R4 | D22: ='4. Scoring'!D21 -> 0 | E22: =IF('5. Weighting'!E22="","",'5. Weighting'!E22/100) | F22: ='4. Scoring'!E21 | G22: ='4. Scoring'!F21 | H22: =IF(OR(E22="",F22=""),"",E22*F22) | I22: =IF(OR(E22="",G22=""),"",E22*G22)
B23: 5 | C23: ='4. Scoring'!C22 -> R5 | D23: ='4. Scoring'!D22 -> 0 | E23: =IF('5. Weighting'!E23="","",'5. Weighting'!E23/100) | F23: ='4. Scoring'!E22 | G23: ='4. Scoring'!F22 | H23: =IF(OR(E23="",F23=""),"",E23*F23) | I23: =IF(OR(E23="",G23=""),"",E23*G23)
B24: 6 | C24: ='4. Scoring'!C23 -> R6 | D24: ='4. Scoring'!D23 -> 0 | E24: =IF('5. Weighting'!E24="","",'5. Weighting'!E24/100) | F24: ='4. Scoring'!E23 | G24: ='4. Scoring'!F23 | H24: =IF(OR(E24="",F24=""),"",E24*F24) | I24: =IF(OR(E24="",G24=""),"",E24*G24)
B25: 7 | C25: ='4. Scoring'!C24 -> R7 | D25: ='4. Scoring'!D24 -> 0 | E25: =IF('5. Weighting'!E25="","",'5. Weighting'!E25/100) | F25: ='4. Scoring'!E24 | G25: ='4. Scoring'!F24 | H25: =IF(OR(E25="",F25=""),"",E25*F25) | I25: =IF(OR(E25="",G25=""),"",E25*G25)
B26: 8 | C26: ='4. Scoring'!C25 -> R8 | D26: ='4. Scoring'!D25 -> 0 | E26: =IF('5. Weighting'!E26="","",'5. Weighting'!E26/100) | F26: ='4. Scoring'!E25 | G26: ='4. Scoring'!F25 | H26: =IF(OR(E26="",F26=""),"",E26*F26) | I26: =IF(OR(E26="",G26=""),"",E26*G26)
D27: RISK SUBTOTAL | E27: =SUM(E19:E26) -> 1 | H27: =SUM(H19:H26) -> 54 | I27: =SUM(I19:I26) -> 71.333333
B29: OVERALL BENEFIT-RISK ASSESSMENT
B30: PRODUCT Overall B-R Score: | E30: =('5. Weighting'!E30/100)*H15 + ('5. Weighting'!E31/100)*(100-H27) -> 47.270833 | G30: ="Benefits: " & TEXT(H15,"0.0") & " × " & TEXT('5. Weighting'!E30,"0") & "% + Risk Avoidance: " & TEXT(100-H27,"0.0") & " × " & TEXT('5. Weighting'!E31,"0") & "%" -> Benefits: 48.5 × 50% + Risk Avoidance: 46.0 × 50%
B31: COMPARATOR Overall B-R Score: | E31: =('5. Weighting'!E30/100)*I15 + ('5. Weighting'!E31/100)*(100-I27) -> 30.375 | G31: ="Benefits: " & TEXT(I15,"0.0") & " × " & TEXT('5. Weighting'!E30,"0") & "% + Risk Avoidance: " & TEXT(100-I27,"0.0") & " × " & TEXT('5. Weighting'!E31,"0") & "%" -> Benefits: 32.1 × 50% + Risk Avoidance: 28.7 × 50%
B32: NET B-R DIFFERENCE: | E32: =E30-E31 -> 16.895833 | G32: =IF(E32>0,"→ PRODUCT has more favorable B-R balance",IF(E32<0,"→ COMPARATOR has more favorable B-R balance","→ B-R balance is equivalent")) -> → PRODUCT has more favorable B-R balance

Sheet 7. Sensitivity
B2: SENSITIVITY ANALYSIS
B3: Examine how the B-R conclusion changes when the Benefits vs Risks trade-off weight is varied. Identify threshold values.
B5: ONE-WAY SENSITIVITY: BENEFITS WEIGHT
B6: Benefits Weight → | C6: 10% | D6: 20% | E6: 30% | F6: 40% | G6: 50% | H6: 60% | I6: 70% | J6: 80% | K6: 90%
B7: Product B-R Score | C7: =(10/100)*'6. Analysis'!H15 + (90/100)*(100-'6. Analysis'!H27) -> 46.254167 | D7: =(20/100)*'6. Analysis'!H15 + (80/100)*(100-'6. Analysis'!H27) -> 46.508333 | E7: =(30/100)*'6. Analysis'!H15 + (70/100)*(100-'6. Analysis'!H27) -> 46.7625 | F7: =(40/100)*'6. Analysis'!H15 + (60/100)*(100-'6. Analysis'!H27) -> 47.016667 | G7: =(50/100)*'6. Analysis'!H15 + (50/100)*(100-'6. Analysis'!H27) -> 47.270833 | H7: =(60/100)*'6. Analysis'!H15 + (40/100)*(100-'6. Analysis'!H27) -> 47.525 | I7: =(70/100)*'6. Analysis'!H15 + (30/100)*(100-'6. Analysis'!H27) -> 47.779167 | J7: =(80/100)*'6. Analysis'!H15 + (20/100)*(100-'6. Analysis'!H27) -> 48.033333 | K7: =(90/100)*'6. Analysis'!H15 + (10/100)*(100-'6. Analysis'!H27) -> 48.2875
B8: Comparator B-R Score | C8: =(10/100)*'6. Analysis'!I15 + (90/100)*(100-'6. Analysis'!I27) -> 29.008333 | D8: =(20/100)*'6. Analysis'!I15 + (80/100)*(100-'6. Analysis'!I27) -> 29.35 | E8: =(30/100)*'6. Analysis'!I15 + (70/100)*(100-'6. Analysis'!I27) -> 29.691667 | F8: =(40/100)*'6. Analysis'!I15 + (60/100)*(100-'6. Analysis'!I27) -> 30.033333 | G8: =(50/100)*'6. Analysis'!I15 + (50/100)*(100-'6. Analysis'!I27) -> 30.375 | H8: =(60/100)*'6. Analysis'!I15 + (40/100)*(100-'6. Analysis'!I27) -> 30.716667 | I8: =(70/100)*'6. Analysis'!I15 + (30/100)*(100-'6. Analysis'!I27) -> 31.058333 | J8: =(80/100)*'6. Analysis'!I15 + (20/100)*(100-'6. Analysis'!I27) -> 31.4 | K8: =(90/100)*'6. Analysis'!I15 + (10/100)*(100-'6. Analysis'!I27) -> 31.741667
B9: Net Difference (Prod - Comp) | C9: =C7-C8 -> 17.245833 | D9: =D7-D8 -> 17.158333 | E9: =E7-E8 -> 17.070833 | F9: =F7-F8 -> 16.983333 | G9: =G7-G8 -> 16.895833 | H9: =H7-H8 -> 16.808333 | I9: =I7-I8 -> 16.720833 | J9: =J7-J8 -> 16.633333 | K9: =K7-K8 -> 16.545833
B10: Decision | C10: =IF(C9>0,"Product",IF(C9<0,"Comparator","Tie")) -> Product | D10: =IF(D9>0,"Product",IF(D9<0,"Comparator","Tie")) -> Product | E10: =IF(E9>0,"Product",IF(E9<0,"Comparator","Tie")) -> Product | F10: =IF(F9>0,"Product",IF(F9<0,"Comparator","Tie")) -> Product | G10: =IF(G9>0,"Product",IF(G9<0,"Comparator","Tie")) -> Product | H10: =IF(H9>0,"Product",IF(H9<0,"Comparator","Tie")) -> Product | I10: =IF(I9>0,"Product",IF(I9<0,"Comparator","Tie")) -> Product | J10: =IF(J9>0,"Product",IF(J9<0,"Comparator","Tie")) -> Product | K10: =IF(K9>0,"Product",IF(K9<0,"Comparator","Tie")) -> Product
B12: THRESHOLD ANALYSIS
B13: Current Benefits Weight: | D13: ='5. Weighting'!E30 & "%" -> 50%
B14: Current Decision: | D14: =IF('6. Analysis'!E32>0,"PRODUCT Favorable",IF('6. Analysis'!E32<0,"COMPARATOR Favorable","Equivalent")) -> PRODUCT Favorable
B16: ◎ INTERPRETATION: If the decision changes within the range of plausible weight values (typically 30-70% for Benefits), the conclusion is sensitive to preference assumptions. If the decision is stable across all weight values, the conclusion is robust.

Sheet 8. Visualization
B2: VISUALIZATION DATA
B3: Pre-formatted data for creating stacked bar charts, tornado diagrams, and decision visualizations in Excel or presentation software.
B5: STACKED BAR CHART DATA
B6: Treatment | C6: Benefit Score | D6: Risk Avoidance | E6: Total B-R | F6: Max Possible
B7: ='1. Settings'!C5 -> Enter product INN | C7: ='6. Analysis'!H15 * ('5. Weighting'!E30/100) -> 24.270833 | D7: =(100-'6. Analysis'!H27) * ('5. Weighting'!E31/100) -> 23 | E7: ='6. Analysis'!E30 -> 47.270833 | F7: 100
B8: ='1. Settings'!C6 -> Enter comparator (e.g., Placebo, Active Control) | C8: ='6. Analysis'!I15 * ('5. Weighting'!E30/100) -> 16.041667 | D8: =(100-'6. Analysis'!I27) * ('5. Weighting'!E31/100) -> 14.333333 | E8: ='6. Analysis'!E31 -> 30.375 | F8: 100
B10: TORNADO DIAGRAM DATA (Criterion Impact)
B11: Criterion | C11: Type | D11: Weight | E11: Score Diff | F11: Impact
B12: ='2. Criteria'!D7 -> Overall Response Rate | C12: Benefit | D12: ='6. Analysis'!E7 -> 0.5 | E12: ='4. Scoring'!G7 -> 15 | F12: =IF(D12="","",D12*E12*('5. Weighting'!E30/100)) -> 3.75
B13: ='2. Criteria'!D8 -> Progression-Free Survival | C13: Benefit | D13: ='6. Analysis'!E8 -> 0.5 | E13: ='4. Scoring'!G8 -> 17.916667 | F13: =IF(D13="","",D13*E13*('5. Weighting'!E30/100)) -> 4.4791667
B14: ='2. Criteria'!D9 -> 0 | C14: Benefit | D14: ='6. Analysis'!E9 | E14: ='4. Scoring'!G9 | F14: =IF(D14="","",D14*E14*('5. Weighting'!E30/100))
B15: ='2. Criteria'!D10 -> 0 | C15: Benefit | D15: ='6. Analysis'!E10 | E15: ='4. Scoring'!G10 | F15: =IF(D15="","",D15*E15*('5. Weighting'!E30/100))
B16: ='2. Criteria'!D18 -> Grade 3+ Neutropenia | C16: Risk | D16: ='6. Analysis'!E19 -> 0.6 | E16: ='4. Scoring'!G18 -> -20 | F16: =IF(D16="","",D16*E16*('5. Weighting'!E31/100)) -> -6
B17: ='2. Criteria'!D19 -> Treatment Discontinuation | C17: Risk | D17: ='6. Analysis'!E20 -> 0.4 | E17: ='4. Scoring'!G19 -> -13.333333 | F17: =IF(D17="","",D17*E17*('5. Weighting'!E31/100)) -> -2.6666667
B18: ='2. Criteria'!D20 -> 0 | C18: Risk | D18: ='6. Analysis'!E21 | E18: ='4. Scoring'!G20 | F18: =IF(D18="","",D18*E18*('5. Weighting'!E31/100))
B19: ='2. Criteria'!D21 -> 0 | C19: Risk | D19: ='6. Analysis'!E22 | E19: ='4. Scoring'!G21 | F19: =IF(D19="","",D19*E19*('5. Weighting'!E31/100))
B21: ◎ TO CREATE STACKED BAR CHART: Select B6:E8 → Insert → Bar Chart → Stacked Bar. Add data labels. Format Benefits in teal, Risk Avoidance in green.
B22: ◎ TO CREATE TORNADO: Select B11:F19 → Sort by Impact (absolute value) → Insert → Bar Chart → Format positive/negative differently.

Sheet Reference
B2: MCDA METHODOLOGY REFERENCE
B4: KEY MCDA CONCEPTS
B5: Criteria | C5: The individual benefits and risks included in the assessment. Should be mutually exclusive, collectively exhaustive, and measurable.
B6: Performance | C6: Raw outcome data for each criterion (e.g., response rate, incidence of AE). The factual basis for scoring.
B7: Scoring/Utility | C7: Conversion of raw performance to a common 0-100 scale. Enables comparison across criteria with different units.
B8: Weights | C8: Numerical values representing the relative importance of each criterion. Reflect stakeholder preferences.
B9: Aggregation | C9: Mathematical combination of weighted scores into an overall B-R value. Linear additive is most common.
B10: Sensitivity Analysis | C10: Systematic variation of inputs (especially weights) to test robustness of conclusions.
B12: MCDA LIMITATIONS
B13: Preference Independence | C13: Linear additive models assume criteria are preference-independent. Violated if value on one criterion depends on another.
B14: Weight Elicitation | C14: Weights are subjective and may vary across stakeholders. Document weight sources and rationale.
B15: Scoring Sensitivity | C15: Results depend on choice of best/worst reference values. Test sensitivity to these anchors.
B16: Not a Decision Rule | C16: MCDA supports but does not replace judgment. Interpret results in clinical context.
B18: SOURCES
B19: CIOMS Working Group XII: Benefit-Risk Balance for Medicinal Products (May 2025)
B20: IMI-PROTECT: Recommendations for the methodology and visualisation techniques to be used in B-R assessment
B21: Mussen F, Salek S, Walker S. A Quantitative Approach to Benefit-Risk Assessment of Medicines
B22: EMA Benefit-Risk Methodology Project (2010)
B24: Template © 2025 NexVigilant LLC | www.nexvigilant.com | Empowerment Through Vigilance
