Workbook

Sheet 1. Sensitivity Input
B2: TORNADO PLOT - SENSITIVITY ANALYSIS
B3: Enter parameter ranges to analyze how each variable impacts the overall result. Sort by |Impact| for tornado diagram.
B5: BASELINE SETTINGS
B6: Baseline Result: | C6: 50 | D6: ← Base case B-R score
B7: Decision Threshold: | C7: 0 | D7: ← Value where decision changes
B9: PARAMETER SENSITIVITY RANGES
B10: Parameter | C10: Base Value | D10: Low Value | E10: High Value | F10: Result at Low | G10: Result at High | H10: Impact (Swing)
B11: Benefits Weight (%) | C11: 50 | D11: 30 | E11: 70 | F11: 42 | G11: 58 | H11: =ABS(G11-F11) -> 16
B12: Overall Response Rate (%) | C12: 45 | D12: 35 | E12: 55 | F12: 44 | G12: 56 | H12: =ABS(G12-F12) -> 12
B13: PFS (months) | C13: 12.5 | D13: 8 | E13: 16 | F13: 43 | G13: 57 | H13: =ABS(G13-F13) -> 14
B14: Grade 3+ Neutropenia (%) | C14: 25 | D14: 15 | E14: 35 | F14: 54 | G14: 46 | H14: =ABS(G14-F14) -> 8
B15: Treatment Discontinuation (%) | C15: 12 | D15: 6 | E15: 18 | F15: 53 | G15: 47 | H15: =ABS(G15-F15) -> 6
B16: Quality of Life Score | C16: 68 | D16: 50 | E16: 80 | F16: 46 | G16: 54 | H16: =ABS(G16-F16) -> 8
B17: Serious Infection Rate (%) | C17: 7 | D17: 3 | E17: 12 | F17: 52 | G17: 47 | H17: =ABS(G17-F17) -> 5
B18: Complete Response (%) | C18: 18 | D18: 10 | E18: 28 | F18: 47 | G18: 53 | H18: =ABS(G18-F18) -> 6
H19: =IF(AND(F19<>"",G19<>""),ABS(G19-F19),"")
H20: =IF(AND(F20<>"",G20<>""),ABS(G20-F20),"")
H21: =IF(AND(F21<>"",G21<>""),ABS(G21-F21),"")
H22: =IF(AND(F22<>"",G22<>""),ABS(G22-F22),"")

Sheet 2. Tornado Data
B2: TORNADO DIAGRAM DATA
B3: Data formatted for tornado chart. Sorted by |Impact| descending. Use Low/High Deviation columns for bar chart.
B5: Baseline: | C5: ='1. Sensitivity Input'!C6 -> 50
B7: Rank | C7: Parameter | D7: Low Deviation | E7: High Deviation | F7: Bar Left (neg) | G7: Bar Right (pos) | H7: Impact
B8: 1 | C8: =IF('1. Sensitivity Input'!B11<>"",'1. Sensitivity Input'!B11,"") -> Benefits Weight (%) | D8: =IF('1. Sensitivity Input'!F11<>"",'1. Sensitivity Input'!F11-$C$5,"") -> -8 | E8: =IF('1. Sensitivity Input'!G11<>"",'1. Sensitivity Input'!G11-$C$5,"") -> 8 | F8: =IF(D8<>"",MIN(D8,E8),"") -> -8 | G8: =IF(E8<>"",MAX(D8,E8),"") -> 8 | H8: =IF(D8<>"",ABS(G8-F8),"") -> 16
B9: 2 | C9: =IF('1. Sensitivity Input'!B12<>"",'1. Sensitivity Input'!B12,"") -> Overall Response Rate (%) | D9: =IF('1. Sensitivity Input'!F12<>"",'1. Sensitivity Input'!F12-$C$5,"") -> -6 | E9: =IF('1. Sensitivity Input'!G12<>"",'1. Sensitivity Input'!G12-$C$5,"") -> 6 | F9: =IF(D9<>"",MIN(D9,E9),"") -> -6 | G9: =IF(E9<>"",MAX(D9,E9),"") -> 6 | H9: =IF(D9<>"",ABS(G9-F9),"") -> 12
B10: 3 | C10: =IF('1. Sensitivity Input'!B13<>"",'1. Sensitivity Input'!B13,"") -> PFS (months) | D10: =IF('1. Sensitivity Input'!F13<>"",'1. Sensitivity Input'!F13-$C$5,"") -> -7 | E10: =IF('1. Sensitivity Input'!G13<>"",'1. Sensitivity Input'!G13-$C$5,"") -> 7 | F10: =IF(D10<>"",MIN(D10,E10),"") -> -7 | G10: =IF(E10<>"",MAX(D10,E10),"") -> 7 | H10: =IF(D10<>"",ABS(G10-F10),"") -> 14
B11: 4 | C11: =IF('1. Sensitivity Input'!B14<>"",'1. Sensitivity Input'!B14,"") -> Grade 3+ Neutropenia (%) | D11: =IF('1. Sensitivity Input'!F14<>"",'1. Sensitivity Input'!F14-$C$5,"") -> 4 | E11: =IF('1. Sensitivity Input'!G14<>"",'1. Sensitivity Input'!G14-$C$5,"") -> -4 | F11: =IF(D11<>"",MIN(D11,E11),"") -> -4 | G11: =IF(E11<>"",MAX(D11,E11),"") -> 4 | H11: =IF(D11<>"",ABS(G11-F11),"") -> 8
B12: 5 | C12: =IF('1. Sensitivity Input'!B15<>"",'1. Sensitivity Input'!B15,"") -> Treatment Discontinuation (%) | D12: =IF('1. Sensitivity Input'!F15<>"",'1. Sensitivity Input'!F15-$C$5,"") -> 3 | E12: =IF('1. Sensitivity Input'!G15<>"",'1. Sensitivity Input'!G15-$C$5,"") -> -3 | F12: =IF(D12<>"",MIN(D12,E12),"") -> -3 | G12: =IF(E12<>"",MAX(D12,E12),"") -> 3 | H12: =IF(D12<>"",ABS(G12-F12),"") -> 6
B13: 6 | C13: =IF('1. Sensitivity Input'!B16<>"",'1. Sensitivity Input'!B16,"") -> Quality of Life Score | D13: =IF('1. Sensitivity Input'!F16<>"",'1. Sensitivity Input'!F16-$C$5,"") -> -4 | E13: =IF('1. Sensitivity Input'!G16<>"",'1. Sensitivity Input'!G16-$C$5,"") -> 4 | F13: =IF(D13<>"",MIN(D13,E13),"") -> -4 | G13: =IF(E13<>"",MAX(D13,E13),"") -> 4 | H13: =IF(D13<>"",ABS(G13-F13),"") -> 8
B14: 7 | C14: =IF('1. Sensitivity Input'!B17<>"",'1. Sensitivity Input'!B17,"") -> Serious Infection Rate (%) | D14: =IF('1. Sensitivity Input'!F17<>"",'1. Sensitivity Input'!F17-$C$5,"") -> 2 | E14: =IF('1. Sensitivity Input'!G17<>"",'1. Sensitivity Input'!G17-$C$5,"") -> -3 | F14: =IF(D14<>"",MIN(D14,E14),"") -> -3 | G14: =IF(E14<>"",MAX(D14,E14),"") -> 2 | H14: =IF(D14<>"",ABS(G14-F14),"") -> 5
B15: 8 | C15: =IF('1. Sensitivity Input'!B18<>"",'1. Sensitivity Input'!B18,"") -> Complete Response (%) | D15: =IF('1. Sensitivity Input'!F18<>"",'1. Sensitivity Input'!F18-$C$5,"") -> -3 | E15: =IF('1. Sensitivity Input'!G18<>"",'1. Sensitivity Input'!G18-$C$5,"") -> 3 | F15: =IF(D15<>"",MIN(D15,E15),"") -> -3 | G15: =IF(E15<>"",MAX(D15,E15),"") -> 3 | H15: =IF(D15<>"",ABS(G15-F15),"") -> 6
B16: 9 | C16: =IF('1. Sensitivity Input'!B19<>"",'1. Sensitivity Input'!B19,"") | D16: =IF('1. Sensitivity Input'!F19<>"",'1. Sensitivity Input'!F19-$C$5,"") | E16: =IF('1. Sensitivity Input'!G19<>"",'1. Sensitivity Input'!G19-$C$5,"") | F16: =IF(D16<>"",MIN(D16,E16),"") | G16: =IF(E16<>"",MAX(D16,E16),"") | H16: =IF(D16<>"",ABS(G16-F16),"")
B17: 10 | C17: =IF('1. Sensitivity Input'!B20<>"",'1. Sensitivity Input'!B20,"") | D17: =IF('1. Sensitivity Input'!F20<>"",'1. Sensitivity Input'!F20-$C$5,"") | E17: =IF('1. Sensitivity Input'!G20<>"",'1. Sensitivity Input'!G20-$C$5,"") | F17: =IF(D17<>"",MIN(D17,E17),"") | G17: =IF(E17<>"",MAX(D17,E17),"") | H17: =IF(D17<>"",ABS(G17-F17),"")
B18: 11 | C18: =IF('1. Sensitivity Input'!B21<>"",'1. Sensitivity Input'!B21,"") | D18: =IF('1. Sensitivity Input'!F21<>"",'1. Sensitivity Input'!F21-$C$5,"") | E18: =IF('1. Sensitivity Input'!G21<>"",'1. Sensitivity Input'!G21-$C$5,"") | F18: =IF(D18<>"",MIN(D18,E18),"") | G18: =IF(E18<>"",MAX(D18,E18),"") | H18: =IF(D18<>"",ABS(G18-F18),"")
B19: 12 | C19: =IF('1. Sensitivity Input'!B22<>"",'1. Sensitivity Input'!B22,"") | D19: =IF('1. Sensitivity Input'!F22<>"",'1. Sensitivity Input'!F22-$C$5,"") | E19: =IF('1. Sensitivity Input'!G22<>"",'1. Sensitivity Input'!G22-$C$5,"") | F19: =IF(D19<>"",MIN(D19,E19),"") | G19: =IF(E19<>"",MAX(D19,E19),"") | H19: =IF(D19<>"",ABS(G19-F19),"")
B21: ◎ TO CREATE TORNADO DIAGRAM:
B22: 1. Copy data to a new area, sort by Impact column (H) descending
B23: 2. Select Parameter (C) and Bar Left (F) columns → Insert → Bar Chart → Stacked Bar
B24: 3. Add Bar Right (G) as second data series
B25: 4. Format: Bar Left in teal (#0D9488), Bar Right in gold (#D97706)
B26: 5. Add vertical line at 0 (baseline) for reference
B27: 6. Reverse category order so largest impact appears at top

Sheet 3. One-Way Analysis
B2: ONE-WAY SENSITIVITY ANALYSIS
B3: Examine how results change as a single parameter varies across its range. Identify threshold values.
B5: Selected Parameter: | C5: Benefits Weight (%)
B7: PARAMETER VALUE SWEEP
B8: Parameter Value → | C8: 10 | D8: 20 | E8: 30 | F8: 40 | G8: 50 | H8: 60 | I8: 70 | J8: 80 | K8: 90 | L8: 100
B9: Result | C9: 35 | D9: 38 | E9: 42 | F9: 46 | G9: 50 | H9: 54 | I9: 58 | J9: 62 | K9: 66 | L9: 70
B10: Decision | C10: Comp | D10: Comp | E10: Comp | F10: Comp | G10: Tie | H10: Prod | I10: Prod | J10: Prod | K10: Prod | L10: Prod
B12: THRESHOLD ANALYSIS
B13: Decision Threshold: | C13: 50 | D13: ← Parameter value where decision flips
B14: Interpretation: | C14: Decision favors Product when Benefits Weight > 50%

Sheet 4. Two-Way Analysis
B2: TWO-WAY SENSITIVITY ANALYSIS
B3: Examine how results change when two parameters vary simultaneously. Identify interaction effects.
B5: Parameter 1 (Rows): | C5: Benefits Weight (%)
B6: Parameter 2 (Cols): | C6: Overall Response Rate (%)
B8: RESULT MATRIX
B9: ORR → | C9: 30% | D9: 35% | E9: 40% | F9: 45% | G9: 50% | H9: 55%
B10: 30% | C10: 38 | D10: 40 | E10: 42 | F10: 44 | G10: 46 | H10: 48
B11: 40% | C11: 42 | D11: 44 | E11: 46 | F11: 48 | G11: 50 | H11: 52
B12: 50% | C12: 46 | D12: 48 | E12: 50 | F12: 52 | G12: 54 | H12: 56
B13: 60% | C13: 50 | D13: 52 | E13: 54 | F13: 56 | G13: 58 | H13: 60
B14: 70% | C14: 54 | D14: 56 | E14: 58 | F14: 60 | G14: 62 | H14: 64
B16: ◎ INTERPRETATION: The color gradient reveals how the two parameters interact. Diagonal patterns indicate additive effects; non-linear patterns suggest interaction. Identify the combinations where the decision changes.

Sheet Reference
B2: SENSITIVITY ANALYSIS REFERENCE
B4: ANALYSIS TYPES
B5: Tornado Diagram | C5: Shows relative impact of each parameter on the result. Widest bars = most influential parameters.
B6: One-Way Analysis | C6: Varies single parameter while holding others at baseline. Identifies threshold values.
B7: Two-Way Analysis | C7: Varies two parameters simultaneously. Reveals interaction effects and combined thresholds.
B8: Probabilistic (PSA) | C8: Monte Carlo simulation with distributions. Beyond scope of this template—use specialized software.
B10: INTERPRETATION GUIDE
B11: Robust Decision | C11: Decision unchanged across plausible ranges of all parameters. High confidence.
B12: Sensitive Decision | C12: Decision changes within plausible parameter ranges. Document threshold values.
B13: Threshold Value | C13: Parameter value where decision flips. Critical for understanding decision robustness.
B14: Dominant Parameter | C14: Parameter with largest impact on tornado. Prioritize data quality for this input.
B16: Template © 2025 NexVigilant LLC | www.nexvigilant.com
